customer_first_name,customer_last_name,street_address,city,state,country,postal_code,segment
Cazzie,Crimin,Sapshed,Annapolis,Maryland,United States,21405,Home Office
Lowe,Greguoli,Kynder,Dallas,Texas,United States,75205,Corporate
Mil,Gansbuhler,Winchester,Fresno,California,United States,93715,Home Office
Sarena,Suston,Abbis,New York City,New York,United States,10280,Consumer
Gavan,Desaur,Kop,Huntington,West Virginia,United States,25770,Home Office
Ambros,Slatford,Ramel,Arlington,Texas,United States,76011,Consumer
Alta,Beldon,Honeywood,Atlanta,Georgia,United States,31106,Corporate
Anni,Swain,Langstrath,Corpus Christi,Texas,United States,78426,Corporate
Paco,Hockell,Aynscombe,Denver,Colorado,United States,80223,Consumer
Corry,Kiln,Rushbury,Atlanta,Georgia,United States,30358,Corporate
Beverlee,Oldam,Linturn,Temple,Texas,United States,76505,Consumer
Kelwin,Aspel,Muzzall,Pueblo,Colorado,United States,81010,Corporate
Brita,Tolcher,Fairhead,Columbus,Ohio,United States,43240,Corporate
Lavena,Undrill,Beckett,Scranton,Pennsylvania,United States,18514,Consumer
Huntlee,McCarroll,Cardillo,Kissimmee,Florida,United States,34745,Home Office
Harwell,Valencia,Manlow,Dallas,Texas,United States,75287,Corporate
Austin,Macguire,MacAscaidh,Dayton,Ohio,United States,45426,Consumer
Therine,Roux,Chezier,Tampa,Florida,United States,33694,Corporate
Aksel,Glasscock,Passingham,Bismarck,North Dakota,United States,58505,Corporate
Vick,Udale,Featherstone,Oakland,California,United States,94622,Consumer
Dorena,Rannells,Illem,Jacksonville,Florida,United States,32236,Corporate
Zacharias,Simonson,Jozefiak,Lakewood,Washington,United States,98498,Home Office
Ephrem,Badham,Coronas,Evansville,Indiana,United States,47705,Consumer
Noel,Dacres,Woonton,Las Vegas,Nevada,United States,89145,Home Office
Moe,Govinlock,Kaaskooper,Des Moines,Iowa,United States,50310,Corporate
Maryann,Rawne,Kennagh,Columbus,Georgia,United States,31904,Corporate
Elliot,Emanuelov,Wortley,Kansas City,Missouri,United States,64109,Home Office
Charla,Elcom,Kenningley,Saginaw,Michigan,United States,48609,Consumer
Loy,Boulder,Sadlier,Berkeley,California,United States,94712,Corporate
Philip,Wythill,Clackers,Norfolk,Virginia,United States,23514,Consumer
Gearard,Dracey,Biggans,Portsmouth,New Hampshire,United States,214,Home Office
Noak,McIntee,Whittaker,Indianapolis,Indiana,United States,46295,Consumer
Avery,Organer,Simunek,Cincinnati,Ohio,United States,45233,Consumer
Juan,Gaitskill,Munkley,Trenton,New Jersey,United States,8608,Corporate
Jerrold,Debenham,Sails,Montgomery,Alabama,United States,36195,Consumer
Mendie,Cattermoul,Oleksinski,Dallas,Texas,United States,75277,Corporate
Tiphanie,Unsworth,Feld,Baton Rouge,Louisiana,United States,70805,Corporate
Chickie,Pawelek,Cragoe,Washington,District of Columbia,United States,20057,Consumer
Arabel,Lockley,Josefs,Roanoke,Virginia,United States,24020,Home Office
Kenn,Rocca,Vankeev,Wichita,Kansas,United States,67215,Home Office
Nellie,Bewsey,Nys,Pittsburgh,Pennsylvania,United States,15255,Home Office
Ardella,Gartrell,Wraight,Newark,Delaware,United States,19714,Home Office
Cliff,Risely,Capelow,Escondido,California,United States,92030,Corporate
Berna,Wellstood,Allen,New Orleans,Louisiana,United States,70116,Corporate
Jeniece,Jewers,Siddle,Washington,District of Columbia,United States,20099,Consumer
Marty,Pynn,MacRierie,Brea,California,United States,92822,Corporate
Lissi,Callacher,Cristoforetti,Cincinnati,Ohio,United States,45271,Consumer
Niall,Olivetta,Franz-Schoninger,Shawnee Mission,Kansas,United States,66225,Consumer
Erma,Dowsett,Emanuelov,Lexington,Kentucky,United States,40546,Home Office
Aristotle,Broodes,Pennino,New Castle,Pennsylvania,United States,16107,Consumer
Norton,O'Sherin,Johnikin,Berkeley,California,United States,94712,Corporate
Verena,Caulcott,Saltmarshe,Lincoln,Nebraska,United States,68524,Consumer
Selia,Outibridge,O'Siaghail,Fresno,California,United States,93773,Consumer
Quintana,Blazejewski,Sanderson,San Francisco,California,United States,94105,Corporate
Amabelle,Overthrow,Unger,Des Moines,Iowa,United States,50330,Consumer
Pavia,Carletto,Lindstedt,Boulder,Colorado,United States,80310,Corporate
Jocelin,Beaten,Booler,El Paso,Texas,United States,79928,Consumer
Shanta,Brunstan,Ashbolt,Syracuse,New York,United States,13217,Consumer
Nickola,Waulker,Warters,Plano,Texas,United States,75074,Consumer
Carmelina,Aizkovitch,Godfree,Ann Arbor,Michigan,United States,48107,Consumer
Pierette,Parmby,Beatens,Denver,Colorado,United States,80204,Corporate
Clary,Capron,Pressman,Columbus,Georgia,United States,31904,Consumer
Colleen,Gerardeaux,Duddy,Young America,Minnesota,United States,55573,Home Office
Immanuel,Seiler,Cram,Washington,District of Columbia,United States,20073,Consumer
Delmore,Smorfit,Atling,Portland,Maine,United States,4109,Consumer
Desiree,Sharpin,Ulyatt,Albuquerque,New Mexico,United States,87180,Corporate
Maurine,Iveson,Borgnol,Northridge,California,United States,91328,Corporate
Monti,Longworthy,Wraighte,New Castle,Pennsylvania,United States,16107,Home Office
Harriott,Whalley,Albrighton,Kansas City,Missouri,United States,64136,Corporate
Fidela,Chattoe,Harrild,Minneapolis,Minnesota,United States,55412,Consumer
Lonee,Colbeck,Speedy,Huntington,West Virginia,United States,25770,Home Office
Patrick,Imrie,Battaille,Stamford,Connecticut,United States,6922,Corporate
Jimmy,Sherreard,Mewes,Fort Myers,Florida,United States,33994,Corporate
Deidre,Deverall,Camilio,Lake Charles,Louisiana,United States,70607,Home Office
Rance,Curryer,Wedderburn,Chicago,Illinois,United States,60604,Corporate
Erinn,Blythin,Swayne,New York City,New York,United States,10280,Home Office
Amalita,Rootham,Sygroves,Las Vegas,Nevada,United States,89193,Home Office
Bearnard,Hatchman,Biddiss,Cincinnati,Ohio,United States,45213,Home Office
Henry,Kirdsch,Youll,Alexandria,Virginia,United States,22301,Consumer
Alric,Jammet,Senten,Buffalo,New York,United States,14220,Corporate
Stella,Averall,Trood,Lubbock,Texas,United States,79405,Consumer
Sande,Zuenelli,Antusch,Atlanta,Georgia,United States,30301,Corporate
Brnaby,Durtnall,Dillow,Baltimore,Maryland,United States,21275,Consumer
Vito,Stoacley,Satterly,El Paso,Texas,United States,79934,Home Office
Alonzo,Matuszewski,Stearnes,Southfield,Michigan,United States,48076,Home Office
Daryl,Kubczak,Yeulet,Shreveport,Louisiana,United States,71161,Consumer
Ibbie,Legion,Philot,Youngstown,Ohio,United States,44555,Consumer
Lucien,Vezey,Waldren,Nashville,Tennessee,United States,37205,Corporate
Roxanna,Nurden,Cyseley,Seminole,Florida,United States,34642,Home Office
Wrennie,Rigglesford,Stedson,Charleston,West Virginia,United States,25305,Corporate
Ximenes,MacPherson,Iorns,Las Vegas,Nevada,United States,89145,Home Office
Yance,McKinna,Kiera,Port Charlotte,Florida,United States,33954,Corporate
Othilia,Valenta,Nyland,Duluth,Minnesota,United States,55811,Home Office
Xena,Sodory,McGoogan,Fort Lauderdale,Florida,United States,33345,Corporate
Joy,Dalgety,Rudd,Richmond,Virginia,United States,23272,Corporate
Elwira,Watkins,Schleswig-Holstein,Omaha,Nebraska,United States,68110,Home Office
Rolland,Babington,Hember,Austin,Texas,United States,78703,Home Office
Janessa,Gonzales,Greenwood,Saint Louis,Missouri,United States,63180,Corporate
Antonius,Posse,Dimbylow,Tucson,Arizona,United States,85754,Home Office
Vonni,McKinlay,Fawlo,Fairbanks,Alaska,United States,99790,Home Office
Mariann,Pieche,Skitterel,Marietta,Georgia,United States,30061,Corporate
Laurent,Reddick,Mitham,Brooklyn,New York,United States,11236,Consumer
Nathanil,Franz,Hursey,Honolulu,Hawaii,United States,96825,Corporate
Bonni,Blanc,Baythrop,Santa Cruz,California,United States,95064,Consumer
Noel,Gronauer,Davenell,Charlotte,North Carolina,United States,28220,Consumer
Korrie,Backe,Dawson,Louisville,Kentucky,United States,40287,Corporate
Guglielma,Orleton,Marler,Albany,New York,United States,12222,Consumer
Moe,Boyn,Hogbourne,Inglewood,California,United States,90310,Home Office
Linell,Bonifant,Kynder,Lubbock,Texas,United States,79405,Home Office
Tony,Hatliff,Gummer,Helena,Montana,United States,59623,Corporate
Otes,Vinter,Rakes,Anchorage,Alaska,United States,99512,Home Office
Kristin,Grimster,Jorg,Allentown,Pennsylvania,United States,18105,Consumer
Anderson,Francesconi,Morcomb,Greensboro,North Carolina,United States,27415,Consumer
Wilfred,Oaks,Geerits,Newton,Massachusetts,United States,2458,Corporate
Daryl,Chesworth,Handmore,Tyler,Texas,United States,75710,Corporate
Bobine,Berfoot,State,Shawnee Mission,Kansas,United States,66276,Home Office
Gavin,Fransemai,Girke,Philadelphia,Pennsylvania,United States,19178,Corporate
Oneida,Jordin,Fearneley,Boise,Idaho,United States,83716,Consumer
Keary,Queste,Duell,El Paso,Texas,United States,79984,Home Office
Kirk,Lillicrap,Kildea,Augusta,Georgia,United States,30905,Corporate
Glennis,Widd,Douch,Jeffersonville,Indiana,United States,47134,Consumer
June,Seamarke,Aronstein,Palatine,Illinois,United States,60078,Consumer
Ermin,Hudless,Galliard,Washington,District of Columbia,United States,20566,Corporate
Marja,Brear,Jakubowsky,Jacksonville,Florida,United States,32204,Home Office
Amby,Talman,Jeune,Brockton,Massachusetts,United States,2405,Home Office
Daffy,Ernke,Eddie,Seattle,Washington,United States,98115,Corporate
Brinna,Skoggings,Tumber,New York City,New York,United States,10150,Corporate
Frank,Vynoll,Pitkaithly,Lansing,Michigan,United States,48956,Home Office
Steward,Allardyce,Farragher,Lancaster,California,United States,93584,Home Office
Flin,Behrendsen,Peckitt,Peoria,Illinois,United States,61656,Corporate
Hortense,MacTrusty,Dalgarnowch,Tulsa,Oklahoma,United States,74149,Home Office
Carola,Tiffney,Tinline,Jackson,Mississippi,United States,39216,Consumer
Zeke,Lander,Felgate,Sioux Falls,South Dakota,United States,57198,Consumer
Javier,Tissington,Kendrick,Canton,Ohio,United States,44710,Home Office
Amberly,Ruston,Sivyour,Springfield,Massachusetts,United States,1105,Home Office
Georgeanne,Minall,de Copeman,Memphis,Tennessee,United States,38109,Home Office
Wynne,Vittel,Peerless,Baltimore,Maryland,United States,21216,Corporate
Robby,Huntall,De Minico,Alexandria,Virginia,United States,22301,Home Office
Bari,Ortet,Surgeon,Pittsburgh,Pennsylvania,United States,15261,Home Office
Lainey,Lewry,Herrema,Mobile,Alabama,United States,36628,Home Office
Franny,Newlan,Robinet,Oklahoma City,Oklahoma,United States,73142,Home Office
Maegan,Agate,Damrell,Billings,Montana,United States,59105,Home Office
Regen,Oherlihy,McConnell,Corpus Christi,Texas,United States,78410,Consumer
Mollie,Leavesley,Clawson,Honolulu,Hawaii,United States,96805,Home Office
Noach,Oag,Greenrodd,Lehigh Acres,Florida,United States,33972,Consumer
Faythe,Snassell,Cinnamond,Jacksonville,Florida,United States,32215,Corporate
Adda,Digance,Prendeguest,Brooksville,Florida,United States,34605,Home Office
Fiann,Chippindall,Langthorne,Houston,Texas,United States,77288,Corporate
Aubine,Borchardt,Citrine,Tucson,Arizona,United States,85754,Home Office
Luciana,Burroughes,Paal,New York City,New York,United States,10170,Corporate
Dolorita,Ormston,Satteford,Madison,Wisconsin,United States,53790,Home Office
Allie,Gorries,Cronk,Los Angeles,California,United States,90071,Home Office
Caria,Stephen,Curnock,Los Angeles,California,United States,90094,Corporate
Henry,Carreyette,Ridsdole,Port Washington,New York,United States,11054,Home Office
Diarmid,Burnham,Endecott,Memphis,Tennessee,United States,38150,Home Office
Dalston,Lathe,Coonan,Corpus Christi,Texas,United States,78470,Corporate
Bordy,Tolputt,Angear,Chandler,Arizona,United States,85246,Corporate
Merle,Meijer,Rings,Honolulu,Hawaii,United States,96835,Consumer
Hadlee,Bradwell,Roath,Washington,District of Columbia,United States,20530,Corporate
Gerri,Ashwell,Hainey`,Washington,District of Columbia,United States,20436,Home Office
Ammamaria,Evens,Lente,Mesa,Arizona,United States,85210,Corporate
Joli,Mathis,Fittall,Phoenix,Arizona,United States,85083,Home Office
Leena,Steedman,Aird,Waco,Texas,United States,76796,Corporate
Claudie,Lightwing,Roma,Naples,Florida,United States,34108,Corporate
Jaynell,Lorek,Flear,Jamaica,New York,United States,11431,Corporate
Brinn,Laise,Gladdolph,Tucson,Arizona,United States,85748,Home Office
Hieronymus,Bushell,Mellsop,Spokane,Washington,United States,99252,Home Office
Leif,Bussen,Crosetto,Tampa,Florida,United States,33625,Consumer
Liane,Bernard,Minett,Norfolk,Virginia,United States,23504,Corporate
Beverley,Jearum,Jonathon,Nashville,Tennessee,United States,37205,Consumer
Enrico,Clappison,Liveing,Cleveland,Ohio,United States,44125,Corporate
Cello,Brashier,Raigatt,Oxnard,California,United States,93034,Corporate
Gaynor,Sherman,Dorrins,New York City,New York,United States,10110,Corporate
Ginger,Collard,Gray,Washington,District of Columbia,United States,20525,Home Office
Michal,Biesinger,Moncarr,Honolulu,Hawaii,United States,96835,Consumer
Angy,Crunden,Lind,Elmira,New York,United States,14905,Consumer
Giorgia,Shaxby,Hambleton,Monticello,Minnesota,United States,55585,Consumer
Maddalena,Readings,Leven,Columbus,Ohio,United States,43210,Consumer
Tracie,Jacqueminot,Huggan,Paterson,New Jersey,United States,7522,Corporate
Cathi,Andriveau,Brizland,Cape Coral,Florida,United States,33915,Consumer
Elvyn,Zute,Routham,Springfield,Illinois,United States,62776,Corporate
Vina,Calwell,Hayhurst,Fort Wayne,Indiana,United States,46805,Home Office
Knox,Sanger,Hartin,Monticello,Minnesota,United States,55590,Home Office
Pierre,Camili,Croson,Houston,Texas,United States,77240,Home Office
Thomasa,McFee,Mosedill,Tampa,Florida,United States,33610,Corporate
Annabel,Ivantyev,Etches,Newport News,Virginia,United States,23605,Home Office
Leola,Roskruge,Arpe,Colorado Springs,Colorado,United States,80925,Home Office
Flory,Lindenstrauss,Mushett,Memphis,Tennessee,United States,38168,Home Office
Valry,Muckle,La Croce,Gainesville,Florida,United States,32627,Home Office
Torrin,Padly,Kenset,Brooklyn,New York,United States,11254,Corporate
Patten,Brittles,Pipkin,Saint Petersburg,Florida,United States,33742,Corporate
Yurik,Brooksbie,Hellmer,Memphis,Tennessee,United States,38114,Consumer
Ardis,Behne,Pinwill,Colorado Springs,Colorado,United States,80935,Corporate
Sadella,Shoebridge,Lamperti,Newton,Massachusetts,United States,2162,Consumer
Valencia,Twigge,Mower,Evansville,Indiana,United States,47737,Consumer
Romola,Mathevon,Matokhnin,Columbus,Ohio,United States,43240,Corporate
Scarface,Edgworth,Bresman,Oklahoma City,Oklahoma,United States,73135,Home Office
Joelle,Giraudel,Britland,Akron,Ohio,United States,44329,Home Office
Cross,Scneider,Sobtka,Charlotte,North Carolina,United States,28289,Home Office
Guinevere,Crothers,Flicker,Carol Stream,Illinois,United States,60158,Home Office
Darn,Danielli,MacGaughey,Akron,Ohio,United States,44329,Home Office
Kane,Glozman,Dongate,Kansas City,Missouri,United States,64149,Home Office
Raddie,Alsop,Steinor,Las Cruces,New Mexico,United States,88006,Consumer
Cordell,Seyers,Nurdin,Jackson,Mississippi,United States,39282,Consumer
Doris,Huntar,Watling,Oklahoma City,Oklahoma,United States,73114,Corporate
Colin,Klimp,Pluthero,Portland,Oregon,United States,97221,Corporate
Willis,Andriesse,McKenna,Lynchburg,Virginia,United States,24515,Consumer
Herold,Stonier,Corking,Houston,Texas,United States,77212,Home Office
Adrienne,Aguirrezabala,Heak,Nashville,Tennessee,United States,37228,Home Office
Teodorico,Skirlin,Kohrding,Pomona,California,United States,91797,Consumer
Reinaldo,Taill,Dobbin,Bloomington,Illinois,United States,61709,Consumer
Barde,Gerbi,Frew,Minneapolis,Minnesota,United States,55436,Home Office
Costanza,Crucitti,Treasure,Northridge,California,United States,91328,Home Office
Giffy,Pidon,Crichten,Bakersfield,California,United States,93305,Corporate
Jacquelin,Eskriet,Paunsford,Spokane,Washington,United States,99215,Consumer
Glenda,Lisamore,Blaschek,Buffalo,New York,United States,14210,Home Office
Vincent,Rubinsztein,Huggon,Roanoke,Virginia,United States,24040,Home Office
Stanton,Bartlosz,Archbutt,Midland,Texas,United States,79710,Corporate
Eziechiele,Thackwray,McWilliam,Trenton,New Jersey,United States,8638,Consumer
Morgen,Ingliby,Ropartz,Honolulu,Hawaii,United States,96810,Home Office
Adlai,Braithwaite,Nolton,Detroit,Michigan,United States,48224,Corporate
Cassandre,Stening,MacKimm,Clearwater,Florida,United States,34615,Corporate
Killy,Eldon,Flaune,Evansville,Indiana,United States,47705,Home Office
Ardene,Bottell,Gutridge,Portsmouth,New Hampshire,United States,3804,Home Office
Correy,Longrigg,Silley,Killeen,Texas,United States,76544,Corporate
Berta,Kleyn,Husher,Jacksonville,Florida,United States,32277,Corporate
Druci,Hilley,Dod,El Paso,Texas,United States,79950,Consumer
Hercule,Joye,Moffatt,El Paso,Texas,United States,79955,Consumer
Thomasine,Hendrikse,Laxon,Galveston,Texas,United States,77554,Corporate
Rochelle,Parrett,McCoveney,Florence,South Carolina,United States,29505,Corporate
Farr,Anthonies,Stallion,Saint Paul,Minnesota,United States,55114,Consumer
Calli,Mannagh,Dodworth,Chicago,Illinois,United States,60669,Home Office
Wilmette,Doghartie,Ogdahl,El Paso,Texas,United States,79955,Corporate
Jareb,Wennington,Aslie,Phoenix,Arizona,United States,85030,Consumer
Merry,Joel,Backen,New York City,New York,United States,10249,Home Office
Tabby,Latour,D'Alessio,Houston,Texas,United States,77005,Consumer
Legra,Lace,Capner,Louisville,Kentucky,United States,40220,Home Office
Ellis,MacShane,Wagnerin,Indianapolis,Indiana,United States,46216,Consumer
Darcee,Bartolommeo,Beltzner,Reston,Virginia,United States,20195,Consumer
Albertina,Leyzell,Entres,El Paso,Texas,United States,79945,Corporate
Claire,Vaskin,Rubinivitz,Washington,District of Columbia,United States,20420,Home Office
Shay,Ruppertz,Hanlon,Saint Paul,Minnesota,United States,55172,Home Office
Roby,Questier,Paish,Eugene,Oregon,United States,97405,Corporate
Darci,Hazelby,Antognazzi,Sacramento,California,United States,95813,Consumer
Rollins,MacVaugh,Dwerryhouse,Jacksonville,Florida,United States,32209,Home Office
Antons,Futcher,Klimke,Virginia Beach,Virginia,United States,23464,Consumer
Sayre,McIlwraith,Matherson,Phoenix,Arizona,United States,85020,Consumer
Datha,Trimble,Scranney,Bronx,New York,United States,10474,Consumer
Steve,Bramley,Inglish,Philadelphia,Pennsylvania,United States,19184,Home Office
Nickola,Porte,Pyvis,Sioux City,Iowa,United States,51105,Corporate
Roosevelt,Lesley,Wyche,Springfield,Illinois,United States,62705,Corporate
Weber,McGurk,Culligan,Indianapolis,Indiana,United States,46239,Consumer
Kip,Oliphard,Vick,Oklahoma City,Oklahoma,United States,73197,Corporate
Bondie,Esom,Mongenot,Cape Coral,Florida,United States,33915,Consumer
Matti,Buckoke,Villaron,Miami,Florida,United States,33261,Home Office
Thurston,Thieme,Scholar,Kent,Washington,United States,98042,Home Office
Locke,McCadden,Unthank,Denver,Colorado,United States,80291,Consumer
Yolanthe,Devorill,Huard,West Palm Beach,Florida,United States,33416,Corporate
Gaultiero,Yesenin,Jumel,Garden Grove,California,United States,92645,Home Office
Evin,Casterton,Philippault,Lakeland,Florida,United States,33805,Consumer
Lelia,Cashmore,Learman,Miami,Florida,United States,33283,Corporate
Quintilla,Besemer,Darben,Akron,Ohio,United States,44321,Corporate
Carmine,Karpe,Abramof,Corona,California,United States,92878,Consumer
Si,Mayte,Treleaven,Louisville,Kentucky,United States,40280,Home Office
Fowler,Edmenson,Mulroy,Hattiesburg,Mississippi,United States,39404,Home Office
Hercules,Emer,Vonderdell,New York City,New York,United States,10275,Consumer
Norri,Challener,Doget,New Hyde Park,New York,United States,11044,Home Office
Iseabal,Dowding,Bundy,Toledo,Ohio,United States,43635,Home Office
Cecilio,Bushell,Layson,Denver,Colorado,United States,80270,Corporate
Cesare,Cockton,Ivanusyev,Mesa,Arizona,United States,85205,Home Office
Jae,Plessing,Kintish,Washington,District of Columbia,United States,20508,Consumer
Brit,Gilks,Sedman,Worcester,Massachusetts,United States,1610,Corporate
Karrie,Finnie,McMickan,Denver,Colorado,United States,80291,Consumer
Jori,Jagger,Brave,Tampa,Florida,United States,33686,Home Office
Oliy,Fancy,Casado,Kansas City,Missouri,United States,64144,Corporate
Dara,Dunrige,Aireton,Tulsa,Oklahoma,United States,74126,Corporate
Quintus,Dudmesh,Mc Harg,San Francisco,California,United States,94177,Corporate
Welby,Jovic,Jeannot,Washington,District of Columbia,United States,56944,Corporate
Bartolemo,Lambshine,Nickerson,Las Vegas,Nevada,United States,89115,Consumer
Lydie,Eyers,Panchin,Las Vegas,Nevada,United States,89150,Corporate
Vincenty,Sealove,Brookson,Chicago,Illinois,United States,60674,Consumer
Rodie,Goor,Leghorn,Fairfield,Connecticut,United States,6825,Home Office
Fairfax,O'Toole,Goodlett,Clearwater,Florida,United States,33763,Corporate
Reggie,Speariett,Dinnington,Dallas,Texas,United States,75387,Consumer
Douglass,Pinwell,Dummer,Columbus,Ohio,United States,43204,Corporate
Vina,Eley,Francescuccio,Springfield,Massachusetts,United States,1105,Corporate
Caye,Rosini,Spyer,Omaha,Nebraska,United States,68110,Corporate
Edith,Persitt,Firminger,San Diego,California,United States,92191,Consumer
Brittaney,Brayley,Godard,Austin,Texas,United States,78744,Home Office
Sidney,Postance,Ablett,Memphis,Tennessee,United States,38168,Consumer
Lauren,Mercy,Castellucci,Dallas,Texas,United States,75251,Consumer
Marie-jeanne,Wellbeloved,Weinmann,Brockton,Massachusetts,United States,2305,Home Office
Alley,McLese,Jenkins,Torrance,California,United States,90505,Consumer
Aristotle,Copins,Curragh,Pittsburgh,Pennsylvania,United States,15274,Corporate
Jackson,Fawkes,Colquite,Louisville,Kentucky,United States,40250,Consumer
Mikol,Negal,Grabeham,Tallahassee,Florida,United States,32314,Corporate
Fabien,Coleman,Geddis,El Paso,Texas,United States,79955,Corporate
Wake,McKeating,Gorhardt,San Diego,California,United States,92121,Home Office
Nessy,Hauxley,Mallord,Bethlehem,Pennsylvania,United States,18018,Home Office
Goldie,Wrennall,Lemoir,Duluth,Georgia,United States,30195,Corporate
Nissie,Lippiett,Fullagar,Rochester,New York,United States,14639,Corporate
Ezechiel,Furney,Wakeham,Grand Rapids,Michigan,United States,49544,Corporate
Barbaraanne,Jerrard,Trustey,Waterbury,Connecticut,United States,6705,Corporate
Dollie,Bartlam,Heisham,Beaumont,Texas,United States,77713,Consumer
Jeanie,Creyke,Scawn,Monroe,Louisiana,United States,71208,Corporate
Edgar,Goozee,Poon,Roanoke,Virginia,United States,24004,Corporate
Illa,MacGillacolm,Solleme,Dayton,Ohio,United States,45426,Home Office
Abel,Fandrich,Bruford,Amarillo,Texas,United States,79165,Home Office
Keary,Boobyer,Rate,Kansas City,Missouri,United States,64109,Corporate
Gun,Coppock.,Lenoir,Brooklyn,New York,United States,11210,Corporate
Lacey,Attaway,Skally,Saint Louis,Missouri,United States,63169,Home Office
Amelie,Haselwood,Livesey,Bridgeport,Connecticut,United States,6606,Corporate
Arni,St Clair,Pressey,Apache Junction,Arizona,United States,85219,Corporate
Edmund,Wiltshier,Sarl,Charlotte,North Carolina,United States,28215,Consumer
Durand,Shoosmith,Bushell,Jamaica,New York,United States,11499,Home Office
Yoshi,Flight,Lavrinov,Atlanta,Georgia,United States,31106,Corporate
Rosalia,McCowan,Pattesall,Springfield,Illinois,United States,62718,Corporate
Frederico,Madeley,Prando,Milwaukee,Wisconsin,United States,53285,Corporate
Jere,Chadwin,Robic,Lincoln,Nebraska,United States,68524,Home Office
Holly,de Tocqueville,Dionisio,Austin,Texas,United States,78778,Consumer
Frederich,Morrant,Beglin,Glendale,California,United States,91205,Corporate
Marris,MacLese,Jelks,Wilmington,Delaware,United States,19805,Corporate
Rem,Hanks,Attril,Pittsburgh,Pennsylvania,United States,15279,Corporate
Adamo,Lamping,Cullinane,Portsmouth,New Hampshire,United States,214,Home Office
Marice,Lelliott,Robilliard,Syracuse,New York,United States,13205,Home Office
Charlie,Braun,Pirkis,Trenton,New Jersey,United States,8608,Home Office
Delano,Jobey,Pear,Louisville,Kentucky,United States,40298,Home Office
Clarie,Spraberry,Mapledorum,Hartford,Connecticut,United States,6140,Corporate
Yanaton,Atling,Kenningham,Charleston,West Virginia,United States,25389,Consumer
Nerte,Vaney,Large,Denver,Colorado,United States,80235,Corporate
Julietta,Buckler,Tavinor,Dayton,Ohio,United States,45403,Consumer
Bernete,Killen,MacKall,Racine,Wisconsin,United States,53405,Home Office
Amii,Aikman,Elwood,Wichita,Kansas,United States,67230,Consumer
Loreen,Alesio,Reay,Salt Lake City,Utah,United States,84115,Home Office
Flora,Troyes,Bythell,Jamaica,New York,United States,11436,Home Office
Elora,Kapiloff,Copin,San Jose,California,United States,95160,Consumer
Isidoro,Tibb,Wathey,Charleston,West Virginia,United States,25336,Home Office
Nathaniel,McCloughen,Bagguley,Houston,Texas,United States,77090,Corporate
Katheryn,Studd,Marrett,Reno,Nevada,United States,89595,Home Office
Durant,Lalevee,Ricardot,Birmingham,Alabama,United States,35236,Home Office
Quintina,Hymers,Aldcorne,Houston,Texas,United States,77025,Consumer
Bourke,Margrie,Pinock,Salt Lake City,Utah,United States,84130,Consumer
Alisa,McKean,Lambole,Austin,Texas,United States,78759,Corporate
Kennan,Jobbins,Eady,North Little Rock,Arkansas,United States,72118,Corporate
Nicoli,Ryce,Kiddle,Augusta,Georgia,United States,30905,Consumer
Clarinda,Domoney,Kleszinski,Jamaica,New York,United States,11407,Home Office
Willard,Obern,McNellis,Richmond,Virginia,United States,23237,Consumer
Brandy,Matevosian,Sesser,Memphis,Tennessee,United States,38119,Home Office
Dietrich,MattiCCI,Jenken,Fort Lauderdale,Florida,United States,33330,Home Office
Alfie,Stallebrass,Moran,Augusta,Georgia,United States,30911,Home Office
Rogers,Penvarden,Sotheron,Newark,Delaware,United States,19714,Home Office
Pierce,Jessop,Guillem,Oklahoma City,Oklahoma,United States,73197,Corporate
Concordia,Comfort,Gibb,Schenectady,New York,United States,12325,Consumer
Ephrem,Dimblebee,Velden,Worcester,Massachusetts,United States,1654,Consumer
Kevyn,Jorgensen,Meaders,Springfield,Missouri,United States,65898,Home Office
Willi,Whines,Tippett,Phoenix,Arizona,United States,85030,Corporate
Linea,Watman,Winchurst,Akron,Ohio,United States,44393,Home Office
Josee,Ellam,Abry,Trenton,New Jersey,United States,8695,Corporate
Jo-anne,Anney,Brookes,Houston,Texas,United States,77260,Home Office
Wrennie,Merigon,Osmon,Pasadena,California,United States,91109,Consumer
Kitty,Waldera,Klimashevich,Jacksonville,Florida,United States,32244,Corporate
Yuri,Millgate,Sommerling,Jacksonville,Florida,United States,32220,Corporate
Aubry,Unthank,Wilmut,Kissimmee,Florida,United States,34745,Corporate
Brittani,Lismore,Rossetti,Kent,Washington,United States,98042,Home Office
Damon,Blumsom,Leverson,Dayton,Ohio,United States,45490,Corporate
Abdul,Spinello,Bevans,New York City,New York,United States,10184,Home Office
Hillie,Nerheny,Galbraith,Fort Worth,Texas,United States,76178,Consumer
Merline,Bellord,Bergstrand,Sacramento,California,United States,94263,Consumer
Emory,Golley,Vaughan-Hughes,Naples,Florida,United States,33961,Consumer
Gabriell,Dunphie,O'Griffin,Fort Wayne,Indiana,United States,46825,Consumer
Ginger,Kirtland,Biddwell,New York City,New York,United States,10292,Corporate
Mariska,Kingescot,Coatsworth,Kansas City,Missouri,United States,64130,Consumer
Derick,Ninnoli,Crutchfield,Newport News,Virginia,United States,23612,Home Office
Hurlee,Mournian,Merrilees,Mobile,Alabama,United States,36610,Corporate
Edgardo,McIlveen,Conigsby,Albuquerque,New Mexico,United States,87195,Consumer
Alfonso,Branston,Huke,Fort Worth,Texas,United States,76129,Corporate
Archer,Jolliffe,Mc Grath,Minneapolis,Minnesota,United States,55446,Consumer
Jo ann,Nipper,Duker,Milwaukee,Wisconsin,United States,53234,Consumer
Murry,Maggorini,Kearsley,Salt Lake City,Utah,United States,84120,Home Office
Otis,Coverdale,Denson,Tuscaloosa,Alabama,United States,35405,Consumer
Elysia,Ozelton,Erricker,Pittsburgh,Pennsylvania,United States,15210,Home Office
Eli,Leighton,Schulke,Portland,Oregon,United States,97211,Home Office
Rickey,O'Mailey,Windle,Lakeland,Florida,United States,33805,Consumer
Agnesse,Havock,Gonneau,Birmingham,Alabama,United States,35215,Consumer
Sidoney,Lownsbrough,Brehault,Athens,Georgia,United States,30605,Home Office
Amanda,Dmisek,Halligan,Topeka,Kansas,United States,66642,Home Office
Fonzie,Newiss,Hoodless,Amarillo,Texas,United States,79159,Home Office
Laughton,Morrallee,Kerins,Lubbock,Texas,United States,79410,Home Office
Christos,Polycote,Tonner,Honolulu,Hawaii,United States,96825,Home Office
Junia,Antonich,Gremain,Milwaukee,Wisconsin,United States,53277,Corporate
Katalin,Liddiatt,Raitie,Raleigh,North Carolina,United States,27605,Home Office
Thorstein,Tiptaft,Hazeup,Little Rock,Arkansas,United States,72209,Home Office
Felicia,Giles,Cluckie,Concord,California,United States,94522,Home Office
Arielle,Cornels,Gambles,Mobile,Alabama,United States,36628,Home Office
Lanna,Gabbat,Langston,Rochester,New York,United States,14614,Home Office
Gael,Pargeter,Butteris,Saint Petersburg,Florida,United States,33737,Corporate
Norry,Adacot,Penreth,Norfolk,Virginia,United States,23504,Consumer
Jandy,Petracco,Joynes,Toledo,Ohio,United States,43605,Corporate
Frankie,Baton,Craigg,Atlanta,Georgia,United States,30311,Consumer
Hallie,Melan,Phittiplace,Wilkes Barre,Pennsylvania,United States,18768,Corporate
Arron,O'Ferris,Lascell,Cincinnati,Ohio,United States,45218,Consumer
Collie,Boutellier,Dunphy,San Antonio,Texas,United States,78291,Home Office
Krishna,Botwood,Hellicar,Littleton,Colorado,United States,80127,Home Office
Martguerita,Surtees,Splevins,Honolulu,Hawaii,United States,96810,Consumer
Austine,Grishanin,Poulden,Vienna,Virginia,United States,22184,Consumer
Carney,Boules,Jeannin,Milwaukee,Wisconsin,United States,53277,Corporate
Estevan,Rickasse,Bentall,Oklahoma City,Oklahoma,United States,73142,Corporate
Adam,Robe,Ackerman,Montgomery,Alabama,United States,36177,Corporate
Hanna,Fussen,Benedetti,Fort Lauderdale,Florida,United States,33355,Consumer
Phyllida,Abazi,Devonport,Augusta,Georgia,United States,30905,Home Office
Joni,Machin,Jodrellec,Newport Beach,California,United States,92662,Home Office
Beverlee,Winch,Mailes,Houston,Texas,United States,77080,Home Office
Melany,Gambles,Winny,Danbury,Connecticut,United States,6816,Corporate
Haven,McEllen,Fernandez,Sioux Falls,South Dakota,United States,57105,Home Office
Lesley,Cardillo,Ksandra,Milwaukee,Wisconsin,United States,53210,Corporate
Daria,Giannassi,Crosseland,Birmingham,Alabama,United States,35279,Consumer
Jany,MacKey,Letty,Hicksville,New York,United States,11854,Consumer
Mirella,Czapla,Stanluck,Saint Paul,Minnesota,United States,55108,Consumer
Chan,Meller,Devonald,Chicago,Illinois,United States,60663,Home Office
Melony,Prue,Over,Knoxville,Tennessee,United States,37924,Consumer
Phineas,Ornells,Brumen,Harrisburg,Pennsylvania,United States,17110,Home Office
Starlin,Stabler,Merdew,New Orleans,Louisiana,United States,70179,Consumer
Phillipp,De Haven,Feben,Memphis,Tennessee,United States,38143,Corporate
Marlo,Morford,Schorah,White Plains,New York,United States,10606,Consumer
Maxine,Raven,Dahl,Wilkes Barre,Pennsylvania,United States,18768,Consumer
Elli,Vinter,Wassung,Springfield,Virginia,United States,22156,Home Office
Benn,Pinhorn,Allery,Austin,Texas,United States,78789,Consumer
Bayard,Swansbury,Paal,Harrisburg,Pennsylvania,United States,17140,Home Office
Fredrick,Gravey,Sadlier,Philadelphia,Pennsylvania,United States,19172,Home Office
Magnum,Laver,Ambrogio,Fort Wayne,Indiana,United States,46896,Home Office
Renee,Waight,Ottawell,Boynton Beach,Florida,United States,33436,Home Office
Ellsworth,Denekamp,De Mars,Trenton,New Jersey,United States,8619,Consumer
Hana,Joy,Phelipeaux,Mobile,Alabama,United States,36670,Consumer
Romonda,Cornelisse,Leftly,Amarillo,Texas,United States,79182,Consumer
Faulkner,Craigs,Burkill,Raleigh,North Carolina,United States,27615,Consumer
Sigvard,Burvill,Morter,West Palm Beach,Florida,United States,33405,Consumer
Jackelyn,Logsdale,Lambdon,Los Angeles,California,United States,90015,Consumer
Ilise,Kuban,Antonias,Albuquerque,New Mexico,United States,87105,Home Office
Wayland,Zolini,Gillison,Lincoln,Nebraska,United States,68583,Consumer
Jilleen,Vogeller,Reeders,Tacoma,Washington,United States,98447,Consumer
Hayley,Pitchers,Dumphry,Arlington,Virginia,United States,22217,Corporate
Tomasina,Steade,Whyborne,Bradenton,Florida,United States,34282,Consumer
Devonna,Cana,Shewsmith,Schenectady,New York,United States,12305,Home Office
Kimmi,Starling,Treharne,Salt Lake City,Utah,United States,84115,Home Office
Freedman,Van den Hof,Skeleton,Evansville,Indiana,United States,47712,Consumer
Dulcinea,Erickssen,Storms,Tallahassee,Florida,United States,32309,Home Office
Rocky,Haselgrove,Consadine,Charleston,West Virginia,United States,25362,Corporate
Joey,Whitelaw,Kennham,Sacramento,California,United States,95852,Corporate
Marjie,Demke,Kollaschek,Pensacola,Florida,United States,32505,Corporate
Thorndike,Lawler,Tomaszewski,New York City,New York,United States,10203,Consumer
Joni,Florez,Riccioppo,Riverside,California,United States,92505,Corporate
Corene,Burrett,Rase,Columbus,Ohio,United States,43215,Home Office
Dorisa,Spindler,Coats,Boston,Massachusetts,United States,2104,Consumer
Glynn,Livard,Gilliard,Tampa,Florida,United States,33633,Consumer
Elnore,Impy,Eles,Miami,Florida,United States,33175,Home Office
Camila,Evins,Beynon,El Paso,Texas,United States,79916,Home Office
Ruthi,Ateridge,Banister,Port Saint Lucie,Florida,United States,34985,Corporate
Orton,Kneath,Glantz,Harrisburg,Pennsylvania,United States,17105,Consumer
Marj,Trevino,Iacoboni,Wilmington,North Carolina,United States,28405,Corporate
Luciana,Kilius,Pickworth,Washington,District of Columbia,United States,20268,Home Office
Tim,Tilliards,Syddie,Reading,Pennsylvania,United States,19605,Consumer
Hilly,Buzek,Moralis,El Paso,Texas,United States,79999,Corporate
Christabella,Jarrard,Vannoni,Washington,District of Columbia,United States,20210,Corporate
Aggie,Starr,Bunhill,Oklahoma City,Oklahoma,United States,73135,Consumer
Xylia,Lehrmann,Laugherane,Colorado Springs,Colorado,United States,80920,Home Office
Hubert,Coping,Kumaar,High Point,North Carolina,United States,27264,Consumer
Henrik,Blewmen,Wanley,Lynchburg,Virginia,United States,24515,Home Office
Ermin,Hechlin,Haggie,El Paso,Texas,United States,88563,Corporate
Katleen,Coltart,Ewing,Birmingham,Alabama,United States,35279,Consumer
Annetta,Petschel,Winch,Arlington,Virginia,United States,22244,Consumer
Hugibert,Hillyatt,Reddle,Toledo,Ohio,United States,43666,Corporate
Lisabeth,Eginton,Waterfall,Cincinnati,Ohio,United States,45203,Corporate
Liv,Buckam,Morison,Lafayette,Louisiana,United States,70593,Consumer
Sol,Belden,Anyon,Syracuse,New York,United States,13210,Home Office
Perice,Elstob,Carlan,Milwaukee,Wisconsin,United States,53263,Corporate
Jasmin,McGrotty,Castanyer,Kansas City,Missouri,United States,64142,Home Office
Ellen,Brookshaw,Abrahamovitz,Austin,Texas,United States,78721,Home Office
Albie,Gann,Chaudrelle,Des Moines,Iowa,United States,50936,Corporate
Creight,Wrightem,Roze,Pensacola,Florida,United States,32505,Home Office
Dixie,Tortoishell,Galpin,Corpus Christi,Texas,United States,78465,Corporate
Noble,Buye,Vidineev,Dallas,Texas,United States,75310,Corporate
Cob,Rolfi,Kimble,Baton Rouge,Louisiana,United States,70805,Consumer
Nicol,Duxfield,MacAdam,Chicago,Illinois,United States,60614,Home Office
Calley,Dabourne,Bassilashvili,Santa Monica,California,United States,90410,Corporate
Berny,Hedman,Callander,Port Charlotte,Florida,United States,33954,Home Office
Celina,Wilson,Hagston,Canton,Ohio,United States,44720,Corporate
Riordan,Cluer,Hussell,Chattanooga,Tennessee,United States,37410,Corporate
Jeanine,Mannin,Welling,Waterbury,Connecticut,United States,6726,Corporate
Agatha,Rediers,Bruckent,Portland,Oregon,United States,97240,Consumer
Cymbre,Gard,Slinn,El Paso,Texas,United States,79934,Consumer
Wilone,Oboy,Griffen,Saint Paul,Minnesota,United States,55146,Corporate
Wendi,Miko,Giroldo,Amarillo,Texas,United States,79182,Consumer
Fawnia,Perin,Burgon,Louisville,Kentucky,United States,40215,Home Office
Odessa,Voaden,Stiegers,El Paso,Texas,United States,88558,Home Office
Rodie,Brewett,Etter,Lafayette,Louisiana,United States,70505,Consumer
Agneta,Harrop,Cottee,Mc Keesport,Pennsylvania,United States,15134,Consumer
Mariette,Wortley,Swannie,Tampa,Florida,United States,33605,Home Office
Curtice,Dell Casa,Beardow,Wilkes Barre,Pennsylvania,United States,18706,Home Office
Beatriz,Sikorsky,Newbigging,Tucson,Arizona,United States,85715,Consumer
Mitchael,Charpin,O'Rodane,Roanoke,Virginia,United States,24004,Corporate
Leupold,Jovanovic,Lant,Fresno,California,United States,93704,Home Office
Feodor,Staniland,Cashford,Bloomington,Indiana,United States,47405,Corporate
Hewett,Gillam,McAlpine,Durham,North Carolina,United States,27705,Consumer
Cordie,Castane,Chagg,Cincinnati,Ohio,United States,45203,Home Office
Teresita,Warters,Heinish,Charlotte,North Carolina,United States,28272,Corporate
Cassius,Saer,Hansod,Dallas,Texas,United States,75226,Home Office
Basil,Hinze,Yakobovitz,Baltimore,Maryland,United States,21229,Corporate
Dina,Pedlar,Gauler,Atlanta,Georgia,United States,30301,Consumer
Conrade,O'Fallowne,Parfitt,Pueblo,Colorado,United States,81015,Home Office
Mickie,Fattorini,Etter,Los Angeles,California,United States,90005,Corporate
Cecil,Roff,Drinkale,Spokane,Washington,United States,99205,Corporate
Dagny,Wyre,Faulks,Columbus,Georgia,United States,31904,Consumer
Arin,Hakey,Flintoffe,Garden Grove,California,United States,92645,Home Office
Sherm,D'eath,Treher,Savannah,Georgia,United States,31410,Home Office
Burke,Rooney,Deetlefs,Bowie,Maryland,United States,20719,Corporate
Lauren,Whittle,Dodgshun,Washington,District of Columbia,United States,20041,Consumer
Giustino,Cheese,Arnhold,El Paso,Texas,United States,79989,Home Office
Kora,Ryles,Juszczyk,Denver,Colorado,United States,80217,Corporate
Marian,Kissack,Guess,Pueblo,Colorado,United States,81010,Consumer
Katusha,Charlin,Farrants,Fort Wayne,Indiana,United States,46857,Corporate
Roderigo,Draayer,Eykelhof,Carson City,Nevada,United States,89706,Corporate
Sue,Berrie,Alkin,Honolulu,Hawaii,United States,96805,Consumer
Hugibert,Llywarch,Rickis,Santa Ana,California,United States,92705,Consumer
Clarie,Keunemann,Bowdidge,Wilmington,North Carolina,United States,28410,Consumer
Merralee,Castane,Hutchins,Buffalo,New York,United States,14225,Consumer
Jacinta,Seagrove,Gowenlock,Great Neck,New York,United States,11024,Home Office
Nathalie,Strudwick,Claiton,Savannah,Georgia,United States,31416,Consumer
Karla,McQuilkin,Onele,Beaumont,Texas,United States,77713,Home Office
Dannye,Woodstock,Ragate,Flint,Michigan,United States,48505,Consumer
Phylis,Gillions,Wonham,Kansas City,Missouri,United States,64187,Corporate
Marla,Harcombe,Martschke,New Orleans,Louisiana,United States,70174,Corporate
Thacher,Kennaird,Warmisham,Grand Rapids,Michigan,United States,49560,Consumer
Alena,Loveridge,Bosward,Humble,Texas,United States,77346,Corporate
Jesse,Ledur,Hilland,Evansville,Indiana,United States,47719,Home Office
Marabel,Cressey,Chatt,Naples,Florida,United States,34114,Consumer
Kassia,Sterricker,Matterface,Lafayette,Louisiana,United States,70505,Home Office
Pascale,Dallicoat,Horsey,Corona,California,United States,92878,Home Office
Jaymee,Colville,Meadway,Greensboro,North Carolina,United States,27409,Corporate
Lefty,Mulvenna,O'Brollachain,Boise,Idaho,United States,83716,Consumer
Farrell,De Beauchemp,Forri,San Jose,California,United States,95173,Home Office
Gabie,Jahns,Iddons,Washington,District of Columbia,United States,20425,Corporate
Brandon,Gouth,Vasic,Phoenix,Arizona,United States,85053,Consumer
Rheta,Nancarrow,Norridge,Erie,Pennsylvania,United States,16522,Home Office
Maggy,Coward,Spoors,San Francisco,California,United States,94110,Corporate
Wylma,Sieghard,Argo,Topeka,Kansas,United States,66611,Home Office
Kirsteni,Randerson,Brophy,Reading,Pennsylvania,United States,19610,Consumer
Lane,Luckman,Kolodziejski,Decatur,Georgia,United States,30033,Corporate
Renaldo,Howsam,Benito,Cincinnati,Ohio,United States,45296,Corporate
Skelly,Fawdry,Maw,Rochester,New York,United States,14646,Corporate
Bobby,Atley,Van Velde,Charleston,West Virginia,United States,25313,Home Office
Vitia,Mariel,Frisby,Baton Rouge,Louisiana,United States,70815,Corporate
Simmonds,Caveney,Bartel,Silver Spring,Maryland,United States,20918,Consumer
Berri,Cumo,Sivior,Memphis,Tennessee,United States,38109,Consumer
Shannon,Barbier,Rizon,Anaheim,California,United States,92825,Home Office
Jennifer,Ennals,Braithwait,Fort Worth,Texas,United States,76162,Consumer
Elbert,Botger,Grunson,Moreno Valley,California,United States,92555,Home Office
Drusy,Monery,Stallen,Indianapolis,Indiana,United States,46278,Consumer
Gayelord,Fardy,Pedrocco,Los Angeles,California,United States,90035,Consumer
Shanda,Balffye,Boays,Midland,Texas,United States,79705,Consumer
Amory,Lamberto,Foan,Levittown,Pennsylvania,United States,19058,Consumer
Alane,Dallan,Gribbins,Cleveland,Ohio,United States,44197,Corporate
Delmer,Pyne,Stobbs,Stockton,California,United States,95298,Consumer
Carolan,Lacknor,Kunz,Topeka,Kansas,United States,66622,Home Office
Garrot,Scocroft,MacNalley,San Diego,California,United States,92191,Corporate
Lilian,Gronaver,Barden,Denver,Colorado,United States,80249,Corporate
Kelsi,Pevreal,Deerr,El Paso,Texas,United States,79950,Corporate
Elysha,Silbermann,Winckles,Nashville,Tennessee,United States,37205,Home Office
Mil,Grigorini,Manston,Zephyrhills,Florida,United States,33543,Consumer
Gerti,Tabard,Joddens,Montgomery,Alabama,United States,36119,Home Office
Onfre,Vlasenko,Dunston,Decatur,Georgia,United States,30033,Corporate
Grange,Balm,Batterton,Tacoma,Washington,United States,98442,Corporate
Roman,Tropman,Lloyds,Los Angeles,California,United States,90005,Home Office
Darline,Ioan,Neilly,Cleveland,Ohio,United States,44130,Home Office
Gearard,Tonepohl,Disman,Brea,California,United States,92822,Consumer
Benedikta,Treagust,MacCaughen,Harrisburg,Pennsylvania,United States,17126,Corporate
Bernette,Tuckie,Farnham,Winter Haven,Florida,United States,33884,Home Office
Chucho,Viscovi,Wooller,Ashburn,Virginia,United States,22093,Corporate
Kacy,Loach,Gladding,Atlanta,Georgia,United States,30323,Corporate
Shaylynn,Boland,Ballance,Columbus,Ohio,United States,43210,Corporate
Yetta,Thorald,Bousler,Gary,Indiana,United States,46406,Corporate
Blinnie,Macconaghy,Morphet,Pasadena,California,United States,91131,Consumer
Torie,Headech,Coatham,San Francisco,California,United States,94116,Corporate
Lutero,Marskell,Cumpton,Brooklyn,New York,United States,11225,Home Office
Jenica,Pittem,Sertin,Birmingham,Alabama,United States,35254,Corporate
Berthe,Rogge,Delyth,Sacramento,California,United States,94250,Home Office
Adrian,Reyson,Sitwell,El Paso,Texas,United States,88519,Home Office
Harriot,Hansie,Doni,Spokane,Washington,United States,99252,Home Office
Lionello,Huddart,Pettet,Boston,Massachusetts,United States,2109,Consumer
Aron,Monelli,Jeromson,Dayton,Ohio,United States,45419,Consumer
Tootsie,Scully,Fahy,Houston,Texas,United States,77228,Corporate
Angel,Jori,Harg,Dallas,Texas,United States,75210,Corporate
Shantee,Briscoe,Donativo,Norfolk,Virginia,United States,23504,Home Office
Nahum,Rossbrook,MacVanamy,Huntington,West Virginia,United States,25711,Corporate
Elysha,Walczak,Mault,Rochester,New York,United States,14619,Consumer
Garrek,Baughn,Perrelli,Norman,Oklahoma,United States,73071,Corporate
Malory,Kildahl,Douch,Birmingham,Alabama,United States,35263,Consumer
Reuven,Sommers,Applewhite,Houston,Texas,United States,77055,Home Office
Chrisse,Ringe,Demangel,Atlanta,Georgia,United States,30380,Consumer
Corrianne,Zannetti,O'Halleghane,Honolulu,Hawaii,United States,96810,Home Office
Valene,Davall,Brice,Little Rock,Arkansas,United States,72209,Home Office
Aubrette,Jallin,Pandey,Houston,Texas,United States,77260,Consumer
Siward,Duddell,Mutter,New Orleans,Louisiana,United States,70187,Consumer
Herta,Batrip,Milson,San Antonio,Texas,United States,78291,Consumer
Mariya,Larner,De Robertis,Colorado Springs,Colorado,United States,80951,Consumer
Philbert,Lehemann,Garnsworth,Charlotte,North Carolina,United States,28210,Home Office
Dosi,Grut,Izachik,Washington,District of Columbia,United States,20005,Consumer
Avictor,Wynrahame,Milborn,New Haven,Connecticut,United States,6538,Home Office
Solly,Casely,Frenchum,Tacoma,Washington,United States,98447,Home Office
Chase,Dallaghan,Tremblet,Rochester,New York,United States,14614,Corporate
Rennie,Chrishop,Spores,Carson City,Nevada,United States,89706,Home Office
Mollee,Tuvey,Bassill,Oakland,California,United States,94611,Corporate
Florina,Davidescu,Ouldred,Brooklyn,New York,United States,11215,Consumer
Erminia,Powell,Siemandl,Denver,Colorado,United States,80235,Consumer
Orsa,Goundsy,Lound,Springfield,Illinois,United States,62718,Consumer
Gabe,Arthey,Pipes,Wichita,Kansas,United States,67210,Consumer
Jason,Dudny,Dooland,Scottsdale,Arizona,United States,85260,Home Office
Celestia,Bourhill,Medland,Dayton,Ohio,United States,45440,Consumer
Lizabeth,Gowers,Dymock,Pittsburgh,Pennsylvania,United States,15286,Corporate
Delores,Harrema,Rich,Des Moines,Iowa,United States,50936,Corporate
Aile,Gennrich,O'Heagertie,Minneapolis,Minnesota,United States,55470,Home Office
Rory,Sambrok,Duddell,Chico,California,United States,95973,Corporate
Kingsly,Agates,Bartolomeazzi,Roanoke,Virginia,United States,24004,Corporate
Basilio,Itzcovichch,Voase,Boca Raton,Florida,United States,33432,Consumer
Kathye,Schreiner,Carette,Memphis,Tennessee,United States,38114,Corporate
Chic,Chadbourne,Rubel,Rockville,Maryland,United States,20851,Consumer
Asia,Seeler,O'Neal,El Paso,Texas,United States,79950,Corporate
Kelby,Clampett,Domengue,Nashville,Tennessee,United States,37215,Home Office
Pat,Duggen,Benedit,Minneapolis,Minnesota,United States,55428,Corporate
Anne,Giotto,Cheyne,Charleston,West Virginia,United States,25389,Corporate
Tait,Barwis,Philipson,Duluth,Georgia,United States,30195,Corporate
Sigfrid,Hayhow,McGuirk,Lansing,Michigan,United States,48956,Consumer
Sutherland,Greaves,Wolstencroft,Reno,Nevada,United States,89519,Home Office
Tommy,Napier,Stendall,Chicago,Illinois,United States,60641,Consumer
Meier,Keizman,McIlenna,Little Rock,Arkansas,United States,72215,Corporate
Darleen,Cosby,Crossley,Pueblo,Colorado,United States,81005,Consumer
Travers,Oldman,Smitheman,Miami,Florida,United States,33185,Corporate
Romain,Jearum,Newland,Amarillo,Texas,United States,79105,Consumer
Lulita,Train,Farnill,Independence,Missouri,United States,64054,Corporate
Aridatha,Worvill,Luter,Boise,Idaho,United States,83711,Home Office
Lyon,Posselow,Luty,Roanoke,Virginia,United States,24024,Home Office
Elston,Ortes,Chaffer,Jefferson City,Missouri,United States,65105,Home Office
Otes,Witty,Rolland,Washington,District of Columbia,United States,20436,Consumer
Werner,Mixer,Shivell,Las Vegas,Nevada,United States,89178,Consumer
Agace,Corderoy,Insall,Abilene,Texas,United States,79605,Home Office
Alberik,Larder,Lyptratt,Saint Petersburg,Florida,United States,33737,Consumer
Ferdinande,Brook,Conningham,Bronx,New York,United States,10454,Home Office
Glenden,Bogies,Heinrich,Saint Louis,Missouri,United States,63169,Home Office
Flo,Locksley,Ledward,Grand Forks,North Dakota,United States,58207,Consumer
Konstantine,Northidge,Darracott,Los Angeles,California,United States,90010,Corporate
Cindra,Lasselle,Bramley,New York City,New York,United States,10105,Corporate
Valida,Kevlin,Keeton,Durham,North Carolina,United States,27705,Corporate
Fernanda,Ropars,Sheron,Tulsa,Oklahoma,United States,74126,Corporate
Abrahan,Streets,Trench,Springfield,Illinois,United States,62776,Corporate
Berky,Tate,Iskower,Palm Bay,Florida,United States,32909,Consumer
Trixy,Elgy,Slegg,Dayton,Ohio,United States,45470,Corporate
Marnia,MacRonald,Bohlsen,Louisville,Kentucky,United States,40210,Consumer
Alexandra,Stanney,Fedoronko,Chicago,Illinois,United States,60697,Home Office
Emmaline,Westney,Dalyiel,Newark,Delaware,United States,19714,Corporate
Georgetta,Boldock,Rzehorz,Cincinnati,Ohio,United States,45999,Consumer
Lesya,de Chastelain,Rosevear,Fort Worth,Texas,United States,76110,Home Office
Charlena,Eborall,Cuchey,Lakeland,Florida,United States,33811,Corporate
Vasily,Meadows,Hellen,New Orleans,Louisiana,United States,70129,Corporate
Cesaro,Howes,Aylmer,Lexington,Kentucky,United States,40510,Consumer
Kari,Storrs,De Domenicis,Miami,Florida,United States,33261,Home Office
Donnamarie,Brimner,Mauchlen,Boston,Massachusetts,United States,2208,Home Office
Pepillo,Cradduck,Heeley,Kansas City,Missouri,United States,64136,Consumer
Benedetta,Dunsmuir,Riddington,Hyattsville,Maryland,United States,20784,Corporate
Briny,Inch,Duinkerk,Memphis,Tennessee,United States,38197,Home Office
Gerry,Cobbald,Newbegin,Knoxville,Tennessee,United States,37939,Consumer
Shelley,McClarence,Stollman,Wichita,Kansas,United States,67220,Consumer
Sayers,Wale,Cole,Baton Rouge,Louisiana,United States,70820,Consumer
Carroll,Dumbleton,Macias,Washington,District of Columbia,United States,20244,Corporate
Libbie,Sackett,Abdon,Baton Rouge,Louisiana,United States,70894,Home Office
Cecily,Goatman,Nare,Houston,Texas,United States,77070,Corporate
Gay,Andrieu,Peealess,Portland,Oregon,United States,97286,Corporate
Hermie,Jay,Krysztofowicz,Saint Paul,Minnesota,United States,55108,Consumer
Agretha,Bryden,Surby,Peoria,Illinois,United States,61635,Consumer
Sven,Bockler,Kleinhandler,Gatesville,Texas,United States,76598,Consumer
Joelle,Filinkov,Ortzen,Tyler,Texas,United States,75710,Consumer
Beale,Agutter,Allicock,Cleveland,Ohio,United States,44177,Home Office
Scottie,D'Adda,Hexter,Topeka,Kansas,United States,66699,Consumer
Kendrick,Coverley,Ruos,Bradenton,Florida,United States,34210,Consumer
Ernst,Lumley,Foat,Port Charlotte,Florida,United States,33954,Corporate
Nicolais,Gerok,Baline,Fresno,California,United States,93778,Corporate
Janeta,Camous,McSorley,Young America,Minnesota,United States,55557,Consumer
Lazaro,Joiner,Waiton,Lexington,Kentucky,United States,40515,Consumer
Wain,Scantleberry,McMorland,Washington,District of Columbia,United States,20010,Home Office
Cortney,Kennagh,Sage,Boston,Massachusetts,United States,2283,Corporate
Stacia,Lodeke,Beatens,New York City,New York,United States,10045,Corporate
Sharity,Branson,Kelloch,Springfield,Massachusetts,United States,1129,Home Office
Biddie,Arnoll,Carlow,Tallahassee,Florida,United States,32399,Corporate
Christie,Rosenau,Denisevich,Baltimore,Maryland,United States,21281,Home Office
Gerianna,Chancellor,Olech,Bakersfield,California,United States,93386,Home Office
Andris,Dowry,Pesak,Milwaukee,Wisconsin,United States,53225,Home Office
Ethelind,Reisenberg,Shiril,Sacramento,California,United States,95865,Corporate
Lani,Cosins,Silverthorn,Oakland,California,United States,94611,Home Office
Flor,Caudray,Tongs,Huntsville,Alabama,United States,35815,Corporate
Junette,Botfield,Fairlam,Louisville,Kentucky,United States,40287,Home Office
Alric,Casserly,Canny,Tuscaloosa,Alabama,United States,35405,Home Office
Aldus,Edelston,Ondrusek,Jackson,Mississippi,United States,39204,Corporate
Vicky,Newborn,MacLennan,Aiken,South Carolina,United States,29805,Consumer
Hestia,Ness,Wharby,North Little Rock,Arkansas,United States,72118,Consumer
Lizzy,Behninck,Greber,San Jose,California,United States,95113,Consumer
Kellby,Benninger,Franses,Clearwater,Florida,United States,33758,Home Office
Noah,Niece,Loads,Springfield,Missouri,United States,65810,Corporate
Barney,Riddles,Gingle,Minneapolis,Minnesota,United States,55407,Home Office
Darlleen,Othen,Steeden,Lansing,Michigan,United States,48956,Consumer
Godfry,Tatem,Barta,Cheyenne,Wyoming,United States,82007,Corporate
Dorie,Bernasek,Treasaden,Oakland,California,United States,94616,Corporate
Jonell,cornhill,Farrin,Tampa,Florida,United States,33633,Home Office
Debbie,Tiley,Arguile,Newton,Massachusetts,United States,2162,Corporate
Carmelita,Lothlorien,Tertre,Colorado Springs,Colorado,United States,80930,Consumer
Nial,Giacomasso,Tease,Chicago,Illinois,United States,60630,Corporate
Tish,Maudling,Glencros,Monroe,Louisiana,United States,71208,Corporate
Orran,Nozzolii,Wentworth,Fargo,North Dakota,United States,58106,Corporate
Batsheva,Timmens,Bulford,Juneau,Alaska,United States,99812,Corporate
Danita,Doward,Brickett,Salt Lake City,Utah,United States,84130,Home Office
Mordy,Starkey,Canto,Portsmouth,New Hampshire,United States,214,Corporate
Dorelle,Landsberg,Sodeau,Bloomington,Indiana,United States,47405,Corporate
Hyacinthie,Ismirnioglou,Meininking,Newark,New Jersey,United States,7195,Corporate
Madeleine,Harnott,Chastanet,Anchorage,Alaska,United States,99599,Home Office
Lian,Adicot,Bernardot,Dallas,Texas,United States,75372,Consumer
Blake,Walasik,Edgerley,Tuscaloosa,Alabama,United States,35405,Corporate
Bradly,Chislett,Jeffcoate,Johnstown,Pennsylvania,United States,15906,Home Office
Tull,Northage,Bachelar,Cincinnati,Ohio,United States,45296,Consumer
Dedie,Fearneley,Coxen,Kansas City,Missouri,United States,64179,Corporate
Felicle,Kenward,Wiltshaw,Decatur,Georgia,United States,30089,Home Office
Llywellyn,Blethin,Hrinchenko,Charlotte,North Carolina,United States,28278,Corporate
Sasha,Scarborough,Avraham,New York City,New York,United States,10110,Home Office
Geraldine,Zaple,Ludy,Jacksonville,Florida,United States,32259,Home Office
Mitchael,Goodson,Peltz,Shreveport,Louisiana,United States,71137,Home Office
Meagan,Ecclesall,Kinnach,Saint Petersburg,Florida,United States,33705,Home Office
Oralie,Buxton,Handrock,Cincinnati,Ohio,United States,45223,Home Office
Osmund,Roark,Hardisty,Sioux Falls,South Dakota,United States,57188,Corporate
Melli,Dielhenn,Scruton,Dallas,Texas,United States,75251,Home Office
Lida,Wealthall,McGairl,Gary,Indiana,United States,46406,Corporate
Sophey,Stormes,MacAindreis,Peoria,Illinois,United States,61640,Consumer
Chad,Albertson,Beckinsale,Miami,Florida,United States,33175,Corporate
Dorella,Aronowicz,Paszek,New York City,New York,United States,10170,Consumer
Trumann,Mee,Petran,Texarkana,Texas,United States,75507,Corporate
Quincy,Kliemke,Camock,Inglewood,California,United States,90305,Consumer
Kaleb,Petow,Pendred,Dallas,Texas,United States,75392,Home Office
Thedrick,Morais,Heppenspall,Jackson,Mississippi,United States,39236,Corporate
Kerri,Hayzer,Huckerby,Sioux Falls,South Dakota,United States,57198,Corporate
Oliviero,Gant,Faulds,Inglewood,California,United States,90398,Home Office
Dorita,Ubank,Andriveaux,Atlanta,Georgia,United States,30358,Consumer
Garik,Tosdevin,Owenson,Aurora,Illinois,United States,60505,Consumer
Hedda,Franca,Joannidi,Roanoke,Virginia,United States,24029,Home Office
Honoria,Casaletto,Orrow,Saint Paul,Minnesota,United States,55146,Corporate
Reyna,Savatier,Crockett,Lexington,Kentucky,United States,40576,Home Office
Stanley,Powland,Jelkes,Raleigh,North Carolina,United States,27621,Corporate
Brad,Fishburn,Cantrill,Wilmington,Delaware,United States,19897,Corporate
Jere,Twiname,Swafford,Roanoke,Virginia,United States,24014,Home Office
Dame,Bhar,Dufore,Atlanta,Georgia,United States,31106,Home Office
Thomasin,Spurgeon,Bernier,Van Nuys,California,United States,91411,Consumer
Myer,Grewer,Corradi,Portland,Oregon,United States,97240,Home Office
Fredia,Steer,Peplay,San Angelo,Texas,United States,76905,Corporate
Samara,Allaker,Huntingdon,Marietta,Georgia,United States,30066,Consumer
Hiram,Dran,Blencowe,Kansas City,Missouri,United States,64109,Home Office
Gan,Giovanazzi,Peyto,Peoria,Illinois,United States,61640,Consumer
Bette-ann,Kivelhan,Blakden,Charlotte,North Carolina,United States,28284,Consumer
Hervey,Gorstidge,Skarin,Indianapolis,Indiana,United States,46231,Home Office
Bernhard,Leghorn,Ingram,El Paso,Texas,United States,88530,Home Office
Feliza,Lodford,MacAree,Delray Beach,Florida,United States,33448,Home Office
Gypsy,Noddle,Wyeld,Atlanta,Georgia,United States,31196,Corporate
Cybill,Whanstall,Gow,Winston Salem,North Carolina,United States,27110,Consumer
Haywood,Avrahm,Dursley,Norcross,Georgia,United States,30092,Consumer
Allard,Chidwick,Gelderd,Dallas,Texas,United States,75397,Consumer
Mattias,Ettritch,Ketchen,South Bend,Indiana,United States,46614,Corporate
Pet,Tapley,Vicarey,Washington,District of Columbia,United States,20078,Home Office
Trina,Szymanski,Walmsley,Dallas,Texas,United States,75246,Consumer
Rosalinde,Tilbrook,Wasmer,Woburn,Massachusetts,United States,1813,Consumer
Arne,Shere,Sivorn,Youngstown,Ohio,United States,44505,Consumer
Carin,Turvie,Bodle,Albany,New York,United States,12247,Consumer
Jenilee,Newnham,Lilley,Albany,Georgia,United States,31704,Consumer
Ilario,Formigli,Kelway,Newport Beach,California,United States,92662,Consumer
Elfreda,Troyes,Ewdale,Philadelphia,Pennsylvania,United States,19109,Corporate
Reg,Glashby,Macer,Norwalk,Connecticut,United States,6859,Consumer
Cello,Terren,Goadsby,Corpus Christi,Texas,United States,78470,Home Office
Bernette,Brotheridge,Pinnick,Van Nuys,California,United States,91411,Consumer
Peggi,Drinkhill,Faherty,New York City,New York,United States,10014,Consumer
Josepha,Danielczyk,Indge,Schenectady,New York,United States,12305,Corporate
Michel,O'Cassidy,Count,Fort Smith,Arkansas,United States,72905,Home Office
Sephira,Lyster,Farrants,Spring,Texas,United States,77386,Corporate
Aloisia,Craster,Stovin,Eugene,Oregon,United States,97405,Consumer
Roderigo,Basketter,Worssam,Milwaukee,Wisconsin,United States,53263,Corporate
Orv,Fayter,Waything,Falls Church,Virginia,United States,22047,Corporate
Geno,Pickup,Stephens,Hartford,Connecticut,United States,6105,Home Office
Harrison,Shakeshaft,Witherden,Austin,Texas,United States,78726,Corporate
Alene,Corderoy,Caulier,Chicago,Illinois,United States,60669,Corporate
Bax,Pohling,Clewarth,Fort Wayne,Indiana,United States,46867,Consumer
Killy,Showalter,Jinkin,Atlanta,Georgia,United States,30392,Home Office
Sarah,Normanton,Sissons,Knoxville,Tennessee,United States,37931,Home Office
Guthrey,Nurdin,Schutter,Hot Springs National Park,Arkansas,United States,71914,Corporate
Jennette,Smitheram,Futcher,South Bend,Indiana,United States,46634,Corporate
Gasparo,Awmack,Impleton,Hartford,Connecticut,United States,6120,Corporate
Hermine,Andreichik,Traice,Fargo,North Dakota,United States,58106,Consumer
Atalanta,Kenwood,Jeffryes,Washington,District of Columbia,United States,20220,Corporate
Gare,Pipping,Hundey,Manchester,New Hampshire,United States,3105,Corporate
Bernice,Cobbald,Shenton,Springfield,Missouri,United States,65805,Home Office
Mayor,Brogan,Hairon,Indianapolis,Indiana,United States,46221,Corporate
Amata,Depper,Faulkner,Winston Salem,North Carolina,United States,27116,Home Office
Janith,Dovidaitis,Rayworth,Saint Paul,Minnesota,United States,55123,Corporate
Finn,Genny,Hackforth,Fort Wayne,Indiana,United States,46867,Consumer
Carny,Harder,Schindler,New York City,New York,United States,10249,Home Office
Dulcinea,Skains,Decker,Spokane,Washington,United States,99252,Consumer
Carey,Flear,Giacomelli,Milwaukee,Wisconsin,United States,53234,Consumer
Mary,Andrivot,Balls,Seattle,Washington,United States,98166,Corporate
Darda,Cowpe,D'Ambrogio,Pasadena,California,United States,91199,Corporate
Olva,Yetman,Neesam,Denver,Colorado,United States,80255,Consumer
Trudi,Lowth,Santacrole,Hayward,California,United States,94544,Consumer
Lauree,Costell,Middleditch,Anchorage,Alaska,United States,99517,Corporate
Lauree,Paffitt,People,Evansville,Indiana,United States,47712,Consumer
Darci,Livesey,O'Lochan,Miami,Florida,United States,33153,Home Office
Denise,Westrey,Lingley,Chesapeake,Virginia,United States,23324,Corporate
Amye,Gissing,Grafton,Boise,Idaho,United States,83757,Home Office
Glad,Wintle,MacEntee,San Antonio,Texas,United States,78296,Consumer
Rorke,Rivelin,Litel,Atlanta,Georgia,United States,30343,Home Office
Gail,Leabeater,Anthiftle,Fresno,California,United States,93715,Home Office
Muire,Petric,Gemlett,Dayton,Ohio,United States,45440,Home Office
Faber,Gilley,Skirling,Mobile,Alabama,United States,36605,Consumer
Arlana,Winkell,Greenley,Detroit,Michigan,United States,48224,Home Office
Kendricks,Heyworth,Frankling,Denver,Colorado,United States,80223,Consumer
Jade,Bakster,Batchelar,Memphis,Tennessee,United States,38136,Home Office
Tore,Fer,Plose,Memphis,Tennessee,United States,38143,Corporate
Margareta,Saines,Overlow,San Antonio,Texas,United States,78296,Corporate
Uriah,Perkis,Blay,Seattle,Washington,United States,98195,Corporate
Darrell,Lutty,Pfaffel,Sacramento,California,United States,95823,Consumer
Coletta,Glasbey,Ofer,Cincinnati,Ohio,United States,45249,Consumer
Chad,Gantzman,McOrkill,Glendale,California,United States,91210,Consumer
Lionel,Cannicott,Scriviner,Phoenix,Arizona,United States,85045,Consumer
Ab,Mapston,Gavigan,Springfield,Illinois,United States,62776,Corporate
Patrizius,Skep,Defrain,Birmingham,Alabama,United States,35231,Consumer
Rubia,Casina,Grise,Peoria,Illinois,United States,61629,Corporate
Alessandra,Andrysek,Tunnock,Dallas,Texas,United States,75379,Consumer
Candy,Hughman,Cartlidge,Irvine,California,United States,92612,Corporate
Corie,Fidge,Rivenzon,Indianapolis,Indiana,United States,46231,Consumer
Tommie,Allard,People,San Diego,California,United States,92153,Consumer
Evy,Arnke,Twist,Atlanta,Georgia,United States,30368,Consumer
Opalina,Mote,Cavendish,Beaumont,Texas,United States,77713,Corporate
Rozina,Chazerand,Spuffard,Huntington,West Virginia,United States,25726,Corporate
George,Zorzini,Harriott,Conroe,Texas,United States,77305,Corporate
Edin,Lumly,Mertgen,Waterbury,Connecticut,United States,6721,Corporate
Susie,Betjeman,Allone,Chicago,Illinois,United States,60624,Consumer
Hanan,Digginson,Cantle,Spokane,Washington,United States,99205,Home Office
Grove,Joselovitch,Dencs,Lansing,Michigan,United States,48901,Corporate
Hermione,Hildred,Harryman,Washington,District of Columbia,United States,20591,Consumer
Baxy,Steinson,Brim,Cincinnati,Ohio,United States,45264,Corporate
Shelley,Domone,Norvell,Washington,District of Columbia,United States,20244,Consumer
Martina,Van Salzberger,Lace,New York City,New York,United States,10105,Home Office
Kellyann,Parramore,Peeke-Vout,Cincinnati,Ohio,United States,45999,Consumer
Teddie,McHan,Fragino,Bethlehem,Pennsylvania,United States,18018,Consumer
Aldon,Cawkill,Cory,Long Beach,California,United States,90831,Corporate
Trevor,Chetwynd,De La Salle,Charlotte,North Carolina,United States,28225,Consumer
Bobby,Pedley,Simony,Sacramento,California,United States,95823,Corporate
Dick,Benesevich,Walworth,New Haven,Connecticut,United States,6510,Corporate
Jammie,Savage,de Bullion,Orlando,Florida,United States,32808,Home Office
Helli,Studeart,Garman,Albuquerque,New Mexico,United States,87105,Home Office
Doralia,LeEstut,Slight,Minneapolis,Minnesota,United States,55487,Corporate
Paton,Hain,Featherbie,Colorado Springs,Colorado,United States,80920,Home Office
Nataniel,Motton,Sharpley,New York City,New York,United States,10125,Corporate
Hendrika,Attenbrough,Legrave,Kansas City,Kansas,United States,66112,Consumer
Deana,Alleyne,Butfield,Pueblo,Colorado,United States,81015,Consumer
Brigg,Melhuish,L'oiseau,North Little Rock,Arkansas,United States,72118,Consumer
Francoise,Walkington,Baldock,Columbus,Ohio,United States,43204,Consumer
Foster,Pemberton,Kaplan,Oklahoma City,Oklahoma,United States,73124,Corporate
Shurwood,Tidmarsh,Klempke,Sacramento,California,United States,95818,Corporate
Vincenty,MacKessock,Cafferky,Albany,New York,United States,12222,Corporate
Ario,Hawtin,Breache,Portland,Oregon,United States,97232,Consumer
Lamont,Tomlins,Thundercliffe,Minneapolis,Minnesota,United States,55458,Corporate
Jedediah,Pethybridge,Ferrea,Tucson,Arizona,United States,85710,Consumer
Obie,Seal,Feltham,Pinellas Park,Florida,United States,34665,Corporate
Cherianne,Frede,Ruslin,Stockton,California,United States,95298,Home Office
Helen-elizabeth,Itscovitz,Harman,Las Vegas,Nevada,United States,89135,Home Office
Sigismund,Harry,Demann,Austin,Texas,United States,78732,Home Office
Vilhelmina,Padmore,O'Corrigane,Miami,Florida,United States,33196,Home Office
Garreth,Leys,Bachshell,Milwaukee,Wisconsin,United States,53277,Corporate
Zebadiah,Petracco,Gummoe,Young America,Minnesota,United States,55557,Home Office
Konrad,Della,Mettrick,Orlando,Florida,United States,32813,Consumer
Johnathan,Antognazzi,Burthom,Naples,Florida,United States,34108,Corporate
Lou,Jamary,Orred,Washington,District of Columbia,United States,20503,Consumer
Phillip,Oldcote,Calbreath,Miami,Florida,United States,33153,Corporate
Rodi,Chamberlen,Ronaghan,New Hyde Park,New York,United States,11044,Consumer
Rafaellle,Reihill,Linklater,Miami Beach,Florida,United States,33141,Home Office
Phaedra,Wavish,Gibbieson,Fort Wayne,Indiana,United States,46867,Home Office
Wiley,Dell Casa,Godfroy,Shawnee Mission,Kansas,United States,66286,Home Office
Alessandro,Billyard,Caldicott,Milwaukee,Wisconsin,United States,53234,Corporate
Corly,McLucky,Johnsey,Bronx,New York,United States,10464,Consumer
Mitchael,Blaszczynski,Joselevitch,Tampa,Florida,United States,33633,Home Office
Desiree,Osmon,Stephenson,Shawnee Mission,Kansas,United States,66225,Home Office
Andree,Fretson,Do Rosario,Richmond,Virginia,United States,23228,Corporate
Esdras,Hardaker,Frudd,Port Washington,New York,United States,11054,Corporate
Vance,Giron,Kerrey,Houston,Texas,United States,77293,Home Office
Rice,Smales,Neil,Modesto,California,United States,95354,Home Office
Archie,Sommerlie,Sills,Bethesda,Maryland,United States,20816,Consumer
Noland,Ruoff,Sargeaunt,Lincoln,Nebraska,United States,68531,Consumer
Romeo,Busk,Rhoades,Fort Worth,Texas,United States,76198,Home Office
Tedman,Reeveley,Peete,Saint Cloud,Minnesota,United States,56372,Consumer
Allissa,Rarity,Lobell,Wichita,Kansas,United States,67230,Corporate
Merl,Lenoir,Joron,Cleveland,Ohio,United States,44125,Home Office
Tabbatha,Dight,Vaskov,Tyler,Texas,United States,75710,Consumer
Allister,Rosenthaler,Newvell,Washington,District of Columbia,United States,20557,Corporate
Theodora,Tryhorn,Marmion,Gadsden,Alabama,United States,35905,Home Office
Ros,Jaeggi,Barnewell,Orlando,Florida,United States,32868,Consumer
Lynnett,Morcom,Arguile,Fort Wayne,Indiana,United States,46814,Corporate
Elka,Antoney,Franckton,Tallahassee,Florida,United States,32309,Consumer
Guglielma,Greer,Dobinson,El Paso,Texas,United States,88553,Home Office
Katee,Beven,Grigor,Boston,Massachusetts,United States,2109,Corporate
Elene,Cope,Galtone,Irvine,California,United States,92710,Consumer
Andrei,Cowans,Jovanovic,Atlanta,Georgia,United States,30358,Corporate
Dorothee,Boughtwood,Jaegar,Tampa,Florida,United States,33673,Home Office
Tori,Drake,Pauleau,Portsmouth,Virginia,United States,23705,Home Office
Heather,Stronghill,McGowran,Daytona Beach,Florida,United States,32123,Consumer
Lynnette,Woolner,Draysey,Tacoma,Washington,United States,98424,Corporate
Timi,Hoffner,Muddle,San Francisco,California,United States,94110,Corporate
Kit,Isted,Ivetts,Fairfield,Connecticut,United States,6825,Corporate
Sharlene,Wadesworth,Piddlesden,Austin,Texas,United States,78754,Home Office
Patten,Mudd,Lloyds,Hayward,California,United States,94544,Home Office
Pedro,Dunlap,Daltrey,Omaha,Nebraska,United States,68144,Consumer
Gill,Braunton,Phelipeaux,Shreveport,Louisiana,United States,71130,Consumer
Agata,Woolston,Satteford,Cleveland,Ohio,United States,44197,Consumer
Padriac,Schreurs,Sugg,Detroit,Michigan,United States,48267,Home Office
Rosmunda,Walkley,Minchenton,Gilbert,Arizona,United States,85297,Corporate
Padgett,Steade,O'Curran,Las Vegas,Nevada,United States,89150,Corporate
Stanleigh,Mouton,Wintringham,Murfreesboro,Tennessee,United States,37131,Consumer
Marie-ann,McGrayle,Poyle,Cleveland,Ohio,United States,44185,Home Office
Lilias,Weare,Sevier,Knoxville,Tennessee,United States,37939,Home Office
Aurelea,Bleasdille,Hubbuck,El Paso,Texas,United States,79940,Consumer
Adam,Dawbery,Playle,Orlando,Florida,United States,32825,Home Office
Corabel,Flement,Layburn,Cleveland,Ohio,United States,44191,Home Office
Dolly,Sotworth,Szach,Terre Haute,Indiana,United States,47812,Corporate
Jeffry,Glisane,Favell,Battle Creek,Michigan,United States,49018,Consumer
Winifred,Freshwater,Seligson,Clearwater,Florida,United States,33758,Corporate
Sheff,Alfonsetti,Vreede,Boulder,Colorado,United States,80305,Corporate
Richmond,Menere,Seage,Charlotte,North Carolina,United States,28263,Home Office
Arabela,Phillps,Durran,Washington,District of Columbia,United States,20409,Corporate
Willdon,Sweet,Allnatt,Indianapolis,Indiana,United States,46231,Home Office
Tommie,Howsego,Ebdon,San Jose,California,United States,95128,Corporate
Coreen,Amiable,Knibley,Birmingham,Alabama,United States,35254,Home Office
Sharity,Barnshaw,Zorzoni,Washington,District of Columbia,United States,20337,Consumer
Nessie,Sanbrook,Benjefield,Boston,Massachusetts,United States,2203,Corporate
Merrile,Tedorenko,Deniset,Oklahoma City,Oklahoma,United States,73142,Consumer
Roderich,Goodge,Aneley,Orlando,Florida,United States,32825,Consumer
Sallyanne,Ravenscroftt,Cheston,Chattanooga,Tennessee,United States,37416,Consumer
Millard,Reveland,Craw,Trenton,New Jersey,United States,8608,Consumer
Georgi,Tinman,Meynell,Birmingham,Alabama,United States,35263,Corporate
Byron,Tudor,Mountjoy,New Bedford,Massachusetts,United States,2745,Home Office
Eddi,Pickersail,Wyman,Houston,Texas,United States,77030,Home Office
Jean,Sussams,Wooles,Albany,New York,United States,12222,Home Office
Loree,Cowlin,Hains,Des Moines,Iowa,United States,50347,Consumer
Allie,Gusney,Yukhin,Santa Rosa,California,United States,95405,Consumer
Waldo,Stitfall,Bevis,Tucson,Arizona,United States,85715,Corporate
Saxon,Dews,Macoun,Crawfordsville,Indiana,United States,47937,Corporate
Micki,Whitney,Franchi,Augusta,Georgia,United States,30911,Corporate
Tyrus,Ends,Winchcum,Atlanta,Georgia,United States,30380,Consumer
Shelly,Ricker,Hamel,Oklahoma City,Oklahoma,United States,73157,Corporate
Ailbert,Darrington,Mion,Miami,Florida,United States,33111,Home Office
Derrick,Rubinek,Bondley,Waterloo,Iowa,United States,50706,Home Office
Lazare,Twiddle,Segrott,Springfield,Illinois,United States,62723,Corporate
Udall,Martini,Plowman,Utica,New York,United States,13505,Consumer
Kimbra,Brosel,Seifert,San Francisco,California,United States,94169,Corporate
Aura,Treadaway,Gulberg,Providence,Rhode Island,United States,2912,Corporate
Crawford,Flatt,Culcheth,Gary,Indiana,United States,46406,Consumer
Sherrie,Ferrini,Carthew,Stamford,Connecticut,United States,6912,Home Office
Bette,Berfoot,Covendon,Southfield,Michigan,United States,48076,Corporate
Erica,Babin,Duigenan,Pittsburgh,Pennsylvania,United States,15286,Consumer
Hershel,Geeraert,Abela,Anaheim,California,United States,92812,Home Office
Ginger,Croxford,Caukill,Des Moines,Iowa,United States,50320,Consumer
Aurea,Cuttle,Lacase,Detroit,Michigan,United States,48242,Home Office
Annabal,Cogswell,Scopham,Fort Pierce,Florida,United States,34949,Home Office
Rochelle,Casetti,Yo,Anchorage,Alaska,United States,99512,Consumer
Fiann,Cockshot,Load,Houston,Texas,United States,77255,Corporate
Arlene,Benne,Szubert,Bakersfield,California,United States,93305,Home Office
Jacky,Pacitti,Shotboult,Houston,Texas,United States,77045,Consumer
Hilary,Jenny,Hintze,Odessa,Texas,United States,79769,Home Office
Brietta,Cofax,Alberti,Santa Fe,New Mexico,United States,87592,Home Office
Jerrie,Kierans,Featherstone,Houston,Texas,United States,77212,Consumer
Marice,Leftley,Ranklin,Corpus Christi,Texas,United States,78465,Consumer
Kale,Lamps,Elden,Corpus Christi,Texas,United States,78405,Home Office
Jerri,Mc Cahey,Gerckens,Danbury,Connecticut,United States,6816,Consumer
Livy,Betke,Wille,New York City,New York,United States,10155,Corporate
Adelaida,Grimshaw,Vase,Warren,Ohio,United States,44485,Corporate
Mitzi,Feye,Priddis,Indianapolis,Indiana,United States,46202,Home Office
Gerek,Vail,Peacop,Richmond,Virginia,United States,23213,Corporate
D'arcy,Killough,Meek,Miami,Florida,United States,33124,Home Office
Jeffy,Dabel,Angood,San Francisco,California,United States,94126,Home Office
Nell,Cowen,Lynd,Baton Rouge,Louisiana,United States,70820,Home Office
Idelle,Domotor,Assad,Dallas,Texas,United States,75221,Corporate
Fae,Wahner,Crow,Fort Worth,Texas,United States,76105,Consumer
Diarmid,Klimov,Luna,Woburn,Massachusetts,United States,1813,Corporate
Remington,Hagston,Thiolier,Pasadena,California,United States,91131,Consumer
Zacherie,Siddele,Gomery,San Jose,California,United States,95155,Consumer
Joanne,Dumbarton,Bradley,Tuscaloosa,Alabama,United States,35405,Home Office
Tedra,Hanscom,Emney,Anaheim,California,United States,92805,Home Office
Port,Duiged,Hayer,Los Angeles,California,United States,90030,Home Office
Stephine,Hassell,Organ,Lees Summit,Missouri,United States,64082,Home Office
Edie,Oldmeadow,Ballefant,Atlanta,Georgia,United States,30392,Consumer
Nicky,Mallinar,Aisbett,Gainesville,Florida,United States,32627,Corporate
Broddy,Symonds,Burdass,Jamaica,New York,United States,11480,Consumer
Pincas,Estcot,Witty,Sioux City,Iowa,United States,51105,Corporate