order_date,discount,ship_mode,ship_date,customer_id
1/1/22,10,Same Day,1/1/22,100735
1/1/22,0,Second Class,1/3/22,100431
1/1/22,0,Second Class,1/3/22,100324
1/1/22,0,Same Day,1/1/22,100147
1/1/22,0,Second Class,1/3/22,100039
1/2/22,0,Same Day,1/2/22,100926
1/2/22,0,First Class,1/3/22,100736
1/2/22,0,First Class,1/3/22,100682
1/2/22,0,Same Day,1/2/22,100638
1/2/22,0,Same Day,1/2/22,100320
1/2/22,7,Second Class,1/4/22,100092
1/3/22,0,Same Day,1/3/22,100777
1/3/22,0,Same Day,1/3/22,100698
1/4/22,0,First Class,1/5/22,100858
1/4/22,0,First Class,1/5/22,100787
1/4/22,0,Standard Class,1/8/22,100783
1/4/22,0,Standard Class,1/8/22,100642
1/4/22,0,Standard Class,1/8/22,100555
1/4/22,0,First Class,1/5/22,100333
1/4/22,0,Same Day,1/4/22,100286
1/4/22,0,Same Day,1/4/22,100100
1/4/22,0,Same Day,1/4/22,100084
1/4/22,0,Same Day,1/4/22,100063
1/5/22,0,First Class,1/6/22,100995
1/5/22,0,Second Class,1/7/22,100966
1/5/22,0,Second Class,1/7/22,100660
1/5/22,0,Same Day,1/5/22,100639
1/5/22,0,Standard Class,1/9/22,100113
1/5/22,0,Same Day,1/5/22,100020
1/6/22,0,Same Day,1/6/22,100907
1/6/22,0,Standard Class,1/10/22,100872
1/6/22,0,Standard Class,1/10/22,100805
1/6/22,0,First Class,1/7/22,100529
1/6/22,0,Second Class,1/8/22,100430
1/6/22,0,Standard Class,1/10/22,100098
1/7/22,0,First Class,1/8/22,100713
1/7/22,0,Standard Class,1/11/22,100701
1/7/22,0,First Class,1/8/22,100579
1/7/22,0,First Class,1/8/22,100180
1/7/22,0,Same Day,1/7/22,100110
1/8/22,0,First Class,1/9/22,100771
1/8/22,0,First Class,1/9/22,100589
1/8/22,0,Second Class,1/10/22,100010
1/9/22,0,First Class,1/10/22,100941
1/9/22,0,Standard Class,1/13/22,100876
1/9/22,0,Same Day,1/9/22,100323
1/9/22,0,First Class,1/10/22,100261
1/9/22,0,Second Class,1/11/22,100020
1/10/22,0,Second Class,1/12/22,100972
1/10/22,0,First Class,1/11/22,100944
1/10/22,0,Same Day,1/10/22,100742
1/10/22,0,Standard Class,1/14/22,100685
1/10/22,0,Standard Class,1/14/22,100555
1/10/22,0,First Class,1/11/22,100463
1/10/22,0,Standard Class,1/14/22,100221
1/11/22,0,Standard Class,1/15/22,100732
1/11/22,0,First Class,1/12/22,100732
1/11/22,0,Second Class,1/13/22,100659
1/11/22,0,First Class,1/12/22,100565
1/11/22,0,Second Class,1/13/22,100282
1/12/22,7,First Class,1/13/22,100836
1/12/22,0,Standard Class,1/16/22,100758
1/12/22,0,Second Class,1/14/22,100706
1/12/22,9,Standard Class,1/16/22,100179
1/12/22,0,Same Day,1/12/22,100167
1/12/22,0,Second Class,1/14/22,100129
1/12/22,0,First Class,1/13/22,100024
1/13/22,0,Same Day,1/13/22,100966
1/13/22,0,Second Class,1/15/22,100650
1/13/22,0,Standard Class,1/17/22,100560
1/13/22,0,First Class,1/14/22,100466
1/14/22,0,First Class,1/15/22,100826
1/14/22,7,Standard Class,1/18/22,100790
1/14/22,5,Same Day,1/14/22,100632
1/14/22,0,First Class,1/15/22,100567
1/14/22,0,Second Class,1/16/22,100537
1/14/22,0,First Class,1/15/22,100178
1/14/22,0,Same Day,1/14/22,100151
1/15/22,0,First Class,1/16/22,100980
1/15/22,0,First Class,1/16/22,100259
1/15/22,0,Standard Class,1/19/22,100076
1/15/22,0,First Class,1/16/22,100071
1/16/22,0,First Class,1/17/22,100620
1/16/22,0,First Class,1/17/22,100550
1/16/22,0,Same Day,1/16/22,100508
1/16/22,0,Same Day,1/16/22,100488
1/16/22,0,Second Class,1/18/22,100418
1/16/22,0,Same Day,1/16/22,100055
1/16/22,0,First Class,1/17/22,100044
1/16/22,7,Second Class,1/18/22,100038
1/17/22,0,First Class,1/18/22,100854
1/17/22,0,First Class,1/18/22,100715
1/17/22,0,First Class,1/18/22,100511
1/17/22,0,Standard Class,1/21/22,100438
1/17/22,0,First Class,1/18/22,100359
1/17/22,0,First Class,1/18/22,100345
1/17/22,0,Standard Class,1/21/22,100309
1/17/22,0,Standard Class,1/21/22,100238
1/18/22,0,Second Class,1/20/22,100865
1/18/22,6,Second Class,1/20/22,100841
1/18/22,0,First Class,1/19/22,100814
1/18/22,0,Standard Class,1/22/22,100785
1/18/22,0,Standard Class,1/22/22,100402
1/18/22,0,Same Day,1/18/22,100382
1/18/22,0,Standard Class,1/22/22,100314
1/18/22,0,Same Day,1/18/22,100297
1/18/22,0,Standard Class,1/22/22,100136
1/18/22,0,Standard Class,1/22/22,100119
1/19/22,0,First Class,1/20/22,100869
1/19/22,9,Standard Class,1/23/22,100656
1/19/22,0,First Class,1/20/22,100634
1/19/22,0,Second Class,1/21/22,100629
1/19/22,0,Second Class,1/21/22,100495
1/19/22,0,Second Class,1/21/22,100027
1/20/22,0,Same Day,1/20/22,100762
1/20/22,0,Second Class,1/22/22,100755
1/20/22,0,Same Day,1/20/22,100548
1/20/22,0,Standard Class,1/24/22,100480
1/20/22,0,Standard Class,1/24/22,100363
1/20/22,0,Standard Class,1/24/22,100276
1/20/22,0,Same Day,1/20/22,100118
1/20/22,0,Second Class,1/22/22,100003
1/20/22,0,First Class,1/21/22,100001
1/21/22,0,Second Class,1/23/22,100890
1/21/22,0,Same Day,1/21/22,100887
1/21/22,0,First Class,1/22/22,100871
1/21/22,0,Second Class,1/23/22,100829
1/21/22,0,Second Class,1/23/22,100614
1/21/22,10,First Class,1/22/22,100519
1/21/22,0,Same Day,1/21/22,100169
1/21/22,0,First Class,1/22/22,100125
1/21/22,0,Second Class,1/23/22,100088
1/21/22,0,Second Class,1/23/22,100058
1/22/22,8,Same Day,1/22/22,100671
1/22/22,0,Standard Class,1/26/22,100640
1/22/22,0,Same Day,1/22/22,100495
1/22/22,0,Same Day,1/22/22,100445
1/22/22,0,Standard Class,1/26/22,100235
1/22/22,5,First Class,1/23/22,100173
1/22/22,0,Second Class,1/24/22,100123
1/22/22,0,Standard Class,1/26/22,100109
1/22/22,0,Second Class,1/24/22,100012
1/23/22,0,Second Class,1/25/22,100825
1/23/22,10,First Class,1/24/22,100621
1/23/22,0,First Class,1/24/22,100603
1/23/22,0,Second Class,1/25/22,100370
1/23/22,0,First Class,1/24/22,100013
1/24/22,0,Same Day,1/24/22,100911
1/24/22,0,Second Class,1/26/22,100810
1/24/22,0,Second Class,1/26/22,100739
1/24/22,0,First Class,1/25/22,100693
1/25/22,0,Second Class,1/27/22,100971
1/25/22,10,Same Day,1/25/22,100869
1/25/22,6,Standard Class,1/29/22,100863
1/25/22,0,Second Class,1/27/22,100759
1/25/22,0,Same Day,1/25/22,100640
1/25/22,0,Standard Class,1/29/22,100618
1/25/22,0,Standard Class,1/29/22,100425
1/26/22,7,Standard Class,1/30/22,100361
1/26/22,0,First Class,1/27/22,100258
1/26/22,0,Second Class,1/28/22,100124
1/27/22,0,Same Day,1/27/22,100979
1/27/22,0,Standard Class,1/31/22,100873
1/27/22,0,Standard Class,1/31/22,100785
1/27/22,0,Standard Class,1/31/22,100559
1/27/22,0,First Class,1/28/22,100556
1/27/22,0,Same Day,1/27/22,100553
1/27/22,0,Same Day,1/27/22,100459
1/27/22,0,Standard Class,1/31/22,100072
1/28/22,0,First Class,1/29/22,100397
1/28/22,0,First Class,1/29/22,100384
1/28/22,0,Standard Class,2/1/22,100151
1/29/22,0,Standard Class,2/2/22,100927
1/29/22,0,Same Day,1/29/22,100698
1/29/22,0,Same Day,1/29/22,100440
1/29/22,0,Standard Class,2/2/22,100379
1/29/22,0,Second Class,1/31/22,100153
1/29/22,0,Second Class,1/31/22,100022
1/30/22,0,Same Day,1/30/22,100946
1/30/22,0,Second Class,2/1/22,100753
1/30/22,0,Second Class,2/1/22,100752
1/30/22,0,First Class,1/31/22,100720
1/30/22,0,First Class,1/31/22,100681
1/30/22,0,Standard Class,2/3/22,100545
1/30/22,0,First Class,1/31/22,100263
1/30/22,0,Standard Class,2/3/22,100053
1/31/22,0,First Class,2/1/22,100845
1/31/22,0,Second Class,2/2/22,100825
1/31/22,0,First Class,2/1/22,100681
1/31/22,0,First Class,2/1/22,100667
1/31/22,0,Second Class,2/2/22,100577
1/31/22,0,Second Class,2/2/22,100170
1/31/22,0,Same Day,1/31/22,100050
1/31/22,0,First Class,2/1/22,100035
1/31/22,0,Second Class,2/2/22,100033
2/1/22,0,Same Day,2/1/22,100945
2/1/22,0,Second Class,2/3/22,100853
2/1/22,0,Second Class,2/3/22,100798
2/1/22,0,Same Day,2/1/22,100748
2/1/22,0,Second Class,2/3/22,100734
2/1/22,0,Standard Class,2/5/22,100538
2/2/22,0,Standard Class,2/6/22,100799
2/2/22,0,Same Day,2/2/22,100734
2/2/22,7,First Class,2/3/22,100688
2/2/22,5,First Class,2/3/22,100494
2/2/22,0,Same Day,2/2/22,100283
2/3/22,9,Standard Class,2/7/22,100921
2/3/22,0,Second Class,2/5/22,100894
2/3/22,0,Second Class,2/5/22,100447
2/3/22,0,Same Day,2/3/22,100308
2/4/22,0,Second Class,2/6/22,100679
2/4/22,0,Same Day,2/4/22,100320
2/5/22,0,Standard Class,2/9/22,100924
2/5/22,0,Same Day,2/5/22,100864
2/5/22,0,Second Class,2/7/22,100123
2/5/22,9,Second Class,2/7/22,100030
2/6/22,0,Standard Class,2/10/22,100903
2/6/22,0,First Class,2/7/22,100663
2/6/22,0,Standard Class,2/10/22,100208
2/6/22,0,Same Day,2/6/22,100105
2/7/22,0,Second Class,2/9/22,100917
2/7/22,0,Second Class,2/9/22,100878
2/7/22,0,First Class,2/8/22,100580
2/7/22,7,First Class,2/8/22,100400
2/7/22,0,Second Class,2/9/22,100326
2/7/22,0,Standard Class,2/11/22,100090
2/8/22,0,Second Class,2/10/22,100852
2/8/22,0,First Class,2/9/22,100642
2/9/22,0,First Class,2/10/22,100967
2/9/22,0,First Class,2/10/22,100856
2/9/22,0,Second Class,2/11/22,100754
2/9/22,0,First Class,2/10/22,100712
2/9/22,0,Same Day,2/9/22,100510
2/9/22,0,First Class,2/10/22,100269
2/9/22,0,Second Class,2/11/22,100133
2/10/22,0,Same Day,2/10/22,100800
2/10/22,0,Standard Class,2/14/22,100689
2/10/22,0,Standard Class,2/14/22,100666
2/10/22,0,First Class,2/11/22,100354
2/10/22,0,First Class,2/11/22,100334
2/10/22,0,First Class,2/11/22,100283
2/11/22,0,First Class,2/12/22,100782
2/11/22,0,Second Class,2/13/22,100770
2/11/22,0,Standard Class,2/15/22,100723
2/11/22,0,Standard Class,2/15/22,100030
2/12/22,0,Same Day,2/12/22,100989
2/12/22,0,First Class,2/13/22,100799
2/12/22,0,First Class,2/13/22,100719
2/12/22,0,Standard Class,2/16/22,100663
2/12/22,6,Standard Class,2/16/22,100610
2/12/22,0,Same Day,2/12/22,100589
2/12/22,0,Same Day,2/12/22,100432
2/12/22,0,Standard Class,2/16/22,100321
2/13/22,5,Second Class,2/15/22,100754
2/13/22,0,Same Day,2/13/22,100656
2/13/22,0,Standard Class,2/17/22,100404
2/13/22,0,Same Day,2/13/22,100224
2/14/22,0,Standard Class,2/18/22,100833
2/14/22,0,Standard Class,2/18/22,100127
2/14/22,0,Standard Class,2/18/22,100018
2/15/22,0,First Class,2/16/22,100891
2/15/22,0,Second Class,2/17/22,100738
2/15/22,0,First Class,2/16/22,100364
2/15/22,0,Same Day,2/15/22,100134
2/16/22,0,Second Class,2/18/22,100903
2/16/22,0,First Class,2/17/22,100856
2/16/22,0,First Class,2/17/22,100845
2/16/22,0,Second Class,2/18/22,100484
2/16/22,0,Same Day,2/16/22,100068
2/17/22,0,First Class,2/18/22,100850
2/17/22,0,First Class,2/18/22,100554
2/17/22,0,Standard Class,2/21/22,100500
2/17/22,0,First Class,2/18/22,100304
2/17/22,9,Second Class,2/19/22,100297
2/17/22,0,First Class,2/18/22,100095
2/18/22,0,Standard Class,2/22/22,100982
2/18/22,0,Same Day,2/18/22,100911
2/18/22,0,First Class,2/19/22,100675
2/18/22,0,Standard Class,2/22/22,100126
2/18/22,0,First Class,2/19/22,100051
2/19/22,0,First Class,2/20/22,100921
2/19/22,0,Second Class,2/21/22,100884
2/19/22,0,Standard Class,2/23/22,100734
2/19/22,0,Standard Class,2/23/22,100545
2/19/22,0,Standard Class,2/23/22,100472
2/19/22,9,First Class,2/20/22,100273
2/19/22,0,Second Class,2/21/22,100203
2/20/22,0,Standard Class,2/24/22,100856
2/20/22,0,Second Class,2/22/22,100486
2/20/22,0,Second Class,2/22/22,100307
2/21/22,0,First Class,2/22/22,100570
2/21/22,0,Standard Class,2/25/22,100396
2/21/22,0,Standard Class,2/25/22,100296
2/21/22,0,First Class,2/22/22,100290
2/21/22,0,Standard Class,2/25/22,100245
2/21/22,0,Standard Class,2/25/22,100045
2/22/22,0,Standard Class,2/26/22,100185
2/23/22,0,Second Class,2/25/22,100967
2/23/22,0,Standard Class,2/27/22,100936
2/23/22,0,Same Day,2/23/22,100771
2/23/22,0,Standard Class,2/27/22,100617
2/23/22,0,First Class,2/24/22,100092
2/23/22,0,First Class,2/24/22,100088
2/24/22,0,Standard Class,2/28/22,100974
2/24/22,8,First Class,2/25/22,100802
2/24/22,7,Same Day,2/24/22,100734
2/24/22,0,Same Day,2/24/22,100661
2/24/22,0,Standard Class,2/28/22,100626
2/24/22,0,Standard Class,2/28/22,100007
2/25/22,10,Standard Class,3/1/22,100320
2/25/22,0,First Class,2/26/22,100152
2/26/22,0,Standard Class,3/2/22,100963
2/26/22,0,Same Day,2/26/22,100915
2/26/22,0,Second Class,2/28/22,100652
2/26/22,0,Standard Class,3/2/22,100341
2/26/22,0,Second Class,2/28/22,100312
2/26/22,0,Same Day,2/26/22,100274
2/26/22,0,First Class,2/27/22,100196
2/26/22,0,Same Day,2/26/22,100144
2/27/22,0,Same Day,2/27/22,100951
2/27/22,0,Same Day,2/27/22,100854
2/27/22,0,Standard Class,3/3/22,100841
2/27/22,0,Same Day,2/27/22,100568
2/27/22,0,Standard Class,3/3/22,100532
2/27/22,0,Same Day,2/27/22,100412
2/27/22,0,Standard Class,3/3/22,100246
2/27/22,0,Standard Class,3/3/22,100075
2/27/22,0,Standard Class,3/3/22,100010
2/28/22,0,Same Day,2/28/22,100707
2/28/22,0,Same Day,2/28/22,100500
2/28/22,5,Second Class,3/2/22,100354
2/28/22,0,Same Day,2/28/22,100301
2/28/22,7,First Class,3/1/22,100016
3/1/22,0,First Class,3/2/22,100987
3/1/22,0,Same Day,3/1/22,100679
3/1/22,0,Same Day,3/1/22,100559
3/1/22,8,Second Class,3/3/22,100371
3/1/22,0,Standard Class,3/5/22,100033
3/2/22,0,Same Day,3/2/22,100912
3/2/22,0,Standard Class,3/6/22,100891
3/2/22,0,Second Class,3/4/22,100864
3/2/22,0,First Class,3/3/22,100813
3/2/22,0,Same Day,3/2/22,100559
3/2/22,0,Second Class,3/4/22,100001
3/3/22,0,First Class,3/4/22,100850
3/3/22,0,Second Class,3/5/22,100713
3/3/22,0,Standard Class,3/7/22,100693
3/3/22,0,Same Day,3/3/22,100625
3/3/22,0,Second Class,3/5/22,100262
3/3/22,0,Same Day,3/3/22,100193
3/4/22,0,Same Day,3/4/22,100608
3/5/22,5,Standard Class,3/9/22,100904
3/5/22,0,Standard Class,3/9/22,100867
3/5/22,8,First Class,3/6/22,100646
3/5/22,0,First Class,3/6/22,100542
3/5/22,0,Second Class,3/7/22,100385
3/5/22,6,Standard Class,3/9/22,100335
3/6/22,0,Second Class,3/8/22,100986
3/6/22,0,Second Class,3/8/22,100935
3/6/22,0,Second Class,3/8/22,100806
3/6/22,0,First Class,3/7/22,100718
3/6/22,0,Standard Class,3/10/22,100670
3/7/22,0,Second Class,3/9/22,100968
3/7/22,0,Second Class,3/9/22,100912
3/7/22,0,Second Class,3/9/22,100790
3/7/22,0,Second Class,3/9/22,100715
3/7/22,0,Same Day,3/7/22,100627
3/7/22,0,Second Class,3/9/22,100346
3/7/22,0,Standard Class,3/11/22,100317
3/8/22,0,Same Day,3/8/22,100962
3/8/22,0,Standard Class,3/12/22,100708
3/8/22,0,First Class,3/9/22,100687
3/8/22,0,Second Class,3/10/22,100563
3/8/22,0,Second Class,3/10/22,100543
3/8/22,0,Same Day,3/8/22,100403
3/8/22,0,Same Day,3/8/22,100399
3/8/22,0,Same Day,3/8/22,100222
3/9/22,0,Second Class,3/11/22,100929
3/9/22,0,Second Class,3/11/22,100748
3/9/22,0,First Class,3/10/22,100299
3/9/22,0,Same Day,3/9/22,100275
3/9/22,0,Same Day,3/9/22,100181
3/10/22,0,Standard Class,3/14/22,100765
3/10/22,0,Standard Class,3/14/22,100693
3/10/22,0,First Class,3/11/22,100629
3/10/22,0,First Class,3/11/22,100523
3/10/22,0,Standard Class,3/14/22,100488
3/10/22,6,First Class,3/11/22,100410
3/10/22,0,Same Day,3/10/22,100274
3/10/22,0,Standard Class,3/14/22,100115
3/11/22,0,Second Class,3/13/22,100872
3/11/22,0,First Class,3/12/22,100366
3/11/22,0,Standard Class,3/15/22,100265
3/11/22,0,Same Day,3/11/22,100254
3/11/22,0,Second Class,3/13/22,100102
3/11/22,0,Standard Class,3/15/22,100032
3/12/22,0,Same Day,3/12/22,100966
3/12/22,0,First Class,3/13/22,100717
3/12/22,0,Standard Class,3/16/22,100432
3/12/22,0,First Class,3/13/22,100127
3/13/22,0,First Class,3/14/22,100912
3/13/22,0,First Class,3/14/22,100545
3/13/22,0,Second Class,3/15/22,100482
3/13/22,0,Standard Class,3/17/22,100277
3/13/22,0,First Class,3/14/22,100197
3/13/22,0,First Class,3/14/22,100187
3/13/22,7,Second Class,3/15/22,100063
3/14/22,0,Standard Class,3/18/22,100862
3/14/22,0,Second Class,3/16/22,100768
3/14/22,0,Second Class,3/16/22,100670
3/14/22,0,Same Day,3/14/22,100509
3/14/22,0,Same Day,3/14/22,100377
3/14/22,0,Standard Class,3/18/22,100363
3/14/22,10,Same Day,3/14/22,100283
3/14/22,0,Same Day,3/14/22,100223
3/14/22,7,Same Day,3/14/22,100112
3/14/22,0,First Class,3/15/22,100091
3/14/22,0,First Class,3/15/22,100016
3/15/22,5,Same Day,3/15/22,100929
3/15/22,0,First Class,3/16/22,100758
3/15/22,0,Same Day,3/15/22,100429
3/15/22,0,Same Day,3/15/22,100362
3/15/22,0,Second Class,3/17/22,100359
3/15/22,0,First Class,3/16/22,100295
3/15/22,0,Standard Class,3/19/22,100224
3/15/22,0,First Class,3/16/22,100202
3/15/22,0,Same Day,3/15/22,100077
3/16/22,0,Second Class,3/18/22,100985
3/16/22,0,Standard Class,3/20/22,100952
3/16/22,0,Same Day,3/16/22,100925
3/16/22,0,Standard Class,3/20/22,100646
3/16/22,0,Standard Class,3/20/22,100610
3/16/22,0,Standard Class,3/20/22,100017
3/17/22,0,Second Class,3/19/22,100983
3/17/22,0,Standard Class,3/21/22,100927
3/17/22,0,Standard Class,3/21/22,100875
3/17/22,0,Same Day,3/17/22,100836
3/17/22,0,Standard Class,3/21/22,100666
3/17/22,7,Second Class,3/19/22,100507
3/17/22,0,Second Class,3/19/22,100355
3/17/22,0,Same Day,3/17/22,100265
3/17/22,0,Second Class,3/19/22,100010
3/18/22,0,Second Class,3/20/22,100994
3/18/22,0,Same Day,3/18/22,100682
3/18/22,0,Second Class,3/20/22,100653
3/18/22,0,Same Day,3/18/22,100532
3/18/22,0,First Class,3/19/22,100506
3/18/22,0,Standard Class,3/22/22,100058
3/19/22,0,Same Day,3/19/22,100867
3/19/22,0,Standard Class,3/23/22,100620
3/19/22,0,Second Class,3/21/22,100607
3/19/22,9,Standard Class,3/23/22,100468
3/19/22,0,Standard Class,3/23/22,100385
3/19/22,0,Same Day,3/19/22,100073
3/20/22,0,Second Class,3/22/22,100762
3/20/22,7,Same Day,3/20/22,100628
3/20/22,0,Standard Class,3/24/22,100437
3/21/22,0,Same Day,3/21/22,100664
3/21/22,0,First Class,3/22/22,100374
3/21/22,0,Same Day,3/21/22,100047
3/22/22,0,Same Day,3/22/22,100947
3/22/22,0,Same Day,3/22/22,100798
3/22/22,0,First Class,3/23/22,100651
3/22/22,0,Standard Class,3/26/22,100637
3/22/22,0,Second Class,3/24/22,100444
3/22/22,0,First Class,3/23/22,100428
3/23/22,0,Second Class,3/25/22,100949
3/23/22,10,Same Day,3/23/22,100900
3/23/22,0,Second Class,3/25/22,100551
3/23/22,0,Same Day,3/23/22,100483
3/23/22,0,Same Day,3/23/22,100146
3/23/22,0,Standard Class,3/27/22,100047
3/23/22,0,Standard Class,3/27/22,100044
3/23/22,0,Same Day,3/23/22,100029
3/24/22,0,First Class,3/25/22,100980
3/24/22,0,Standard Class,3/28/22,100837
3/24/22,0,Same Day,3/24/22,100651
3/24/22,0,Standard Class,3/28/22,100632
3/24/22,0,First Class,3/25/22,100569
3/24/22,0,Standard Class,3/28/22,100365
3/24/22,0,Same Day,3/24/22,100313
3/24/22,0,Standard Class,3/28/22,100289
3/24/22,0,Standard Class,3/28/22,100196
3/25/22,0,Same Day,3/25/22,100604
3/25/22,0,First Class,3/26/22,100548
3/26/22,0,Same Day,3/26/22,100971
3/26/22,0,Standard Class,3/30/22,100686
3/26/22,0,Second Class,3/28/22,100628
3/26/22,6,First Class,3/27/22,100205
3/27/22,0,First Class,3/28/22,100987
3/27/22,0,Same Day,3/27/22,100550
3/27/22,0,First Class,3/28/22,100541
3/27/22,0,Same Day,3/27/22,100112
3/27/22,9,Second Class,3/29/22,100103
3/27/22,0,First Class,3/28/22,100011
3/28/22,0,First Class,3/29/22,100822
3/28/22,0,Same Day,3/28/22,100743
3/28/22,0,First Class,3/29/22,100456
3/28/22,0,Same Day,3/28/22,100313
3/28/22,0,Same Day,3/28/22,100096
3/29/22,0,Second Class,3/31/22,100855
3/29/22,0,Same Day,3/29/22,100720
3/29/22,0,Standard Class,4/2/22,100492
3/29/22,0,Second Class,3/31/22,100488
3/29/22,0,Second Class,3/31/22,100470
3/29/22,0,Same Day,3/29/22,100446
3/29/22,0,Standard Class,4/2/22,100416
3/30/22,0,First Class,3/31/22,100638
3/30/22,0,First Class,3/31/22,100573
3/30/22,0,Standard Class,4/3/22,100553
3/30/22,0,First Class,3/31/22,100502
3/31/22,0,Same Day,3/31/22,100983
3/31/22,0,Standard Class,4/4/22,100934
3/31/22,8,Same Day,3/31/22,100901
3/31/22,0,First Class,4/1/22,100866
3/31/22,0,Same Day,3/31/22,100562
3/31/22,0,Same Day,3/31/22,100433
3/31/22,0,Same Day,3/31/22,100332
3/31/22,0,Standard Class,4/4/22,100264
3/31/22,0,Second Class,4/2/22,100101
4/1/22,0,First Class,4/2/22,100756
4/1/22,0,Same Day,4/1/22,100756
4/1/22,0,Second Class,4/3/22,100529
4/1/22,0,First Class,4/2/22,100311
4/1/22,0,Second Class,4/3/22,100263
4/1/22,10,Standard Class,4/5/22,100223
4/2/22,9,Second Class,4/4/22,100827
4/2/22,0,First Class,4/3/22,100811
4/2/22,0,First Class,4/3/22,100580
4/2/22,0,Standard Class,4/6/22,100339
4/2/22,0,Standard Class,4/6/22,100154
4/3/22,7,Standard Class,4/7/22,100931
4/3/22,0,Same Day,4/3/22,100905
4/3/22,0,First Class,4/4/22,100886
4/3/22,0,Same Day,4/3/22,100384
4/4/22,0,Standard Class,4/8/22,100950
4/4/22,0,Second Class,4/6/22,100832
4/4/22,0,Same Day,4/4/22,100666
4/4/22,0,Second Class,4/6/22,100344
4/5/22,0,Second Class,4/7/22,100999
4/5/22,0,Same Day,4/5/22,100827
4/5/22,0,Second Class,4/7/22,100567
4/6/22,0,Standard Class,4/10/22,100975
4/6/22,0,Same Day,4/6/22,100715
4/6/22,0,First Class,4/7/22,100676
4/6/22,0,Second Class,4/8/22,100531
4/6/22,0,First Class,4/7/22,100489
4/6/22,0,First Class,4/7/22,100306
4/7/22,0,Second Class,4/9/22,100744
4/7/22,0,First Class,4/8/22,100737
4/7/22,0,Standard Class,4/11/22,100406
4/7/22,0,Second Class,4/9/22,100275
4/7/22,0,First Class,4/8/22,100160
4/7/22,0,Standard Class,4/11/22,100141
4/8/22,0,First Class,4/9/22,100896
4/8/22,0,Standard Class,4/12/22,100811
4/8/22,0,First Class,4/9/22,100772
4/8/22,0,Second Class,4/10/22,100765
4/8/22,0,First Class,4/9/22,100599
4/8/22,0,Second Class,4/10/22,100414
4/8/22,9,First Class,4/9/22,100200
4/8/22,0,Same Day,4/8/22,100104
4/9/22,0,Second Class,4/11/22,100748
4/9/22,0,Second Class,4/11/22,100233
4/10/22,0,Same Day,4/10/22,100956
4/10/22,0,Same Day,4/10/22,100127
4/11/22,0,Second Class,4/13/22,100746
4/11/22,0,Standard Class,4/15/22,100450
4/11/22,5,Same Day,4/11/22,100396
4/11/22,0,Second Class,4/13/22,100369
4/11/22,0,Same Day,4/11/22,100019
4/12/22,0,Same Day,4/12/22,100949
4/12/22,0,Second Class,4/14/22,100467
4/12/22,0,Standard Class,4/16/22,100345
4/12/22,0,Second Class,4/14/22,100288
4/12/22,0,Standard Class,4/16/22,100140
4/13/22,0,Standard Class,4/17/22,100953
4/13/22,0,Standard Class,4/17/22,100491
4/13/22,0,Same Day,4/13/22,100037
4/14/22,0,Same Day,4/14/22,100921
4/14/22,0,Second Class,4/16/22,100680
4/14/22,0,Standard Class,4/18/22,100599
4/14/22,6,Standard Class,4/18/22,100485
4/14/22,0,Second Class,4/16/22,100341
4/14/22,0,Second Class,4/16/22,100274
4/14/22,0,Same Day,4/14/22,100244
4/15/22,0,First Class,4/16/22,100884
4/15/22,0,Same Day,4/15/22,100799
4/15/22,6,Same Day,4/15/22,100470
4/15/22,6,Same Day,4/15/22,100468
4/16/22,0,Second Class,4/18/22,100903
4/16/22,0,Same Day,4/16/22,100867
4/16/22,5,First Class,4/17/22,100845
4/16/22,0,Same Day,4/16/22,100788
4/16/22,0,Second Class,4/18/22,100701
4/16/22,0,Standard Class,4/20/22,100575
4/16/22,0,Same Day,4/16/22,100573
4/16/22,0,Standard Class,4/20/22,100548
4/16/22,0,Standard Class,4/20/22,100541
4/16/22,0,First Class,4/17/22,100527
4/17/22,0,Same Day,4/17/22,100910
4/17/22,0,Standard Class,4/21/22,100875
4/17/22,0,Same Day,4/17/22,100829
4/17/22,0,Standard Class,4/21/22,100552
4/17/22,0,First Class,4/18/22,100454
4/17/22,0,Standard Class,4/21/22,100361
4/17/22,0,Second Class,4/19/22,100101
4/18/22,0,Same Day,4/18/22,100846
4/18/22,0,Standard Class,4/22/22,100230
4/18/22,0,Second Class,4/20/22,100076
4/19/22,0,First Class,4/20/22,100644
4/19/22,0,First Class,4/20/22,100417
4/19/22,0,Second Class,4/21/22,100131
4/19/22,0,Same Day,4/19/22,100097
4/20/22,0,First Class,4/21/22,100720
4/20/22,0,Second Class,4/22/22,100557
4/20/22,7,Second Class,4/22/22,100044
4/21/22,0,Same Day,4/21/22,100954
4/21/22,0,Second Class,4/23/22,100733
4/21/22,0,Second Class,4/23/22,100691
4/21/22,0,Standard Class,4/25/22,100589
4/21/22,0,First Class,4/22/22,100118
4/21/22,0,First Class,4/22/22,100045
4/21/22,0,Second Class,4/23/22,100003
4/22/22,10,Standard Class,4/26/22,100940
4/22/22,0,Second Class,4/24/22,100579
4/22/22,0,First Class,4/23/22,100251
4/23/22,0,Same Day,4/23/22,100880
4/23/22,0,Second Class,4/25/22,100726
4/23/22,0,Same Day,4/23/22,100483
4/23/22,0,First Class,4/24/22,100445
4/23/22,0,Same Day,4/23/22,100143
4/24/22,0,Second Class,4/26/22,100872
4/24/22,0,Standard Class,4/28/22,100863
4/24/22,0,Standard Class,4/28/22,100819
4/24/22,0,Second Class,4/26/22,100401
4/24/22,0,Same Day,4/24/22,100360
4/24/22,0,First Class,4/25/22,100313
4/25/22,7,First Class,4/26/22,100876
4/25/22,0,Standard Class,4/29/22,100683
4/25/22,0,Second Class,4/27/22,100506
4/25/22,0,First Class,4/26/22,100474
4/25/22,0,Second Class,4/27/22,100183
4/25/22,0,First Class,4/26/22,100177
4/25/22,0,Second Class,4/27/22,100092
4/26/22,0,Same Day,4/26/22,100929
4/26/22,0,First Class,4/27/22,100922
4/26/22,0,Second Class,4/28/22,100753
4/26/22,9,Standard Class,4/30/22,100612
4/26/22,0,First Class,4/27/22,100239
4/27/22,0,Second Class,4/29/22,100906
4/27/22,0,Second Class,4/29/22,100833
4/27/22,0,Second Class,4/29/22,100825
4/27/22,0,Second Class,4/29/22,100788
4/27/22,0,Second Class,4/29/22,100629
4/27/22,0,Standard Class,5/1/22,100599
4/27/22,0,Second Class,4/29/22,100329
4/27/22,0,Standard Class,5/1/22,100110
4/27/22,0,First Class,4/28/22,100009
4/28/22,7,First Class,4/29/22,100773
4/28/22,0,First Class,4/29/22,100503
4/28/22,0,Second Class,4/30/22,100171
4/28/22,0,First Class,4/29/22,100062
4/29/22,6,Standard Class,5/3/22,100919
4/29/22,0,Standard Class,5/3/22,100045
4/30/22,10,Same Day,4/30/22,100818
4/30/22,0,Same Day,4/30/22,100792
4/30/22,0,First Class,5/1/22,100244
5/1/22,0,Same Day,5/1/22,100994
5/1/22,0,First Class,5/2/22,100907
5/1/22,0,Same Day,5/1/22,100870
5/1/22,0,Standard Class,5/5/22,100573
5/1/22,0,Same Day,5/1/22,100424
5/2/22,7,First Class,5/3/22,100806
5/2/22,0,First Class,5/3/22,100553
5/2/22,0,First Class,5/3/22,100340
5/2/22,0,First Class,5/3/22,100204
5/3/22,0,Second Class,5/5/22,100847
5/3/22,9,First Class,5/4/22,100674
5/4/22,0,Same Day,5/4/22,100975
5/4/22,0,Same Day,5/4/22,100901
5/4/22,0,Same Day,5/4/22,100570
5/4/22,0,Same Day,5/4/22,100393
5/4/22,0,Same Day,5/4/22,100062
5/4/22,0,First Class,5/5/22,100047
5/5/22,0,Same Day,5/5/22,100786
5/5/22,0,Second Class,5/7/22,100641
5/5/22,0,First Class,5/6/22,100616
5/5/22,0,Same Day,5/5/22,100539
5/5/22,0,Standard Class,5/9/22,100447
5/5/22,0,Second Class,5/7/22,100380
5/5/22,0,First Class,5/6/22,100063
5/6/22,0,First Class,5/7/22,100824
5/6/22,0,Same Day,5/6/22,100643
5/7/22,7,Standard Class,5/11/22,100980
5/7/22,0,Same Day,5/7/22,100947
5/7/22,0,Standard Class,5/11/22,100920
5/7/22,0,Second Class,5/9/22,100695
5/7/22,0,Second Class,5/9/22,100634
5/7/22,0,Second Class,5/9/22,100093
5/8/22,0,Second Class,5/10/22,100487
5/8/22,0,Second Class,5/10/22,100331
5/8/22,0,Standard Class,5/12/22,100328
5/8/22,0,Same Day,5/8/22,100304
5/8/22,0,Second Class,5/10/22,100009
5/9/22,8,Standard Class,5/13/22,100910
5/9/22,0,First Class,5/10/22,100534
5/9/22,0,Standard Class,5/13/22,100444
5/9/22,0,Second Class,5/11/22,100440
5/9/22,0,Second Class,5/11/22,100287
5/9/22,0,Second Class,5/11/22,100145
5/10/22,10,Same Day,5/10/22,100288
5/11/22,0,Standard Class,5/15/22,100784
5/11/22,0,Same Day,5/11/22,100573
5/11/22,7,Same Day,5/11/22,100511
5/11/22,6,Same Day,5/11/22,100494
5/11/22,0,First Class,5/12/22,100196
5/12/22,0,First Class,5/13/22,100869
5/12/22,0,First Class,5/13/22,100698
5/12/22,0,Same Day,5/12/22,100396
5/12/22,0,Same Day,5/12/22,100385
5/12/22,0,Standard Class,5/16/22,100365
5/13/22,0,Second Class,5/15/22,100917
5/13/22,0,First Class,5/14/22,100640
5/13/22,5,Second Class,5/15/22,100487
5/13/22,0,Standard Class,5/17/22,100426
5/13/22,0,First Class,5/14/22,100347
5/13/22,0,Same Day,5/13/22,100035
5/14/22,0,Same Day,5/14/22,100904
5/14/22,0,First Class,5/15/22,100874
5/14/22,0,Second Class,5/16/22,100656
5/14/22,0,First Class,5/15/22,100242
5/15/22,0,Standard Class,5/19/22,100773
5/15/22,0,First Class,5/16/22,100770
5/15/22,0,First Class,5/16/22,100612
5/15/22,0,First Class,5/16/22,100549
5/15/22,0,First Class,5/16/22,100253
5/15/22,0,Same Day,5/15/22,100162
5/16/22,0,Second Class,5/18/22,100970
5/16/22,5,Same Day,5/16/22,100880
5/16/22,0,Second Class,5/18/22,100773
5/16/22,0,Second Class,5/18/22,100662
5/16/22,0,First Class,5/17/22,100651
5/16/22,0,Second Class,5/18/22,100468
5/16/22,0,Same Day,5/16/22,100365
5/16/22,0,Standard Class,5/20/22,100350
5/16/22,10,Same Day,5/16/22,100275
5/16/22,0,Same Day,5/16/22,100181
5/16/22,0,Standard Class,5/20/22,100176
5/17/22,0,First Class,5/18/22,100914
5/17/22,0,Standard Class,5/21/22,100894
5/17/22,0,First Class,5/18/22,100594
5/17/22,0,Standard Class,5/21/22,100466
5/17/22,0,Second Class,5/19/22,100132
5/18/22,0,Second Class,5/20/22,100804
5/18/22,0,Standard Class,5/22/22,100596
5/18/22,0,Second Class,5/20/22,100457
5/18/22,0,Second Class,5/20/22,100171
5/19/22,0,Second Class,5/21/22,100960
5/19/22,9,Second Class,5/21/22,100783
5/19/22,0,Same Day,5/19/22,100243
5/19/22,0,First Class,5/20/22,100067
5/20/22,0,Standard Class,5/24/22,100951
5/20/22,0,First Class,5/21/22,100934
5/20/22,0,Standard Class,5/24/22,100886
5/20/22,0,First Class,5/21/22,100832
5/20/22,0,First Class,5/21/22,100772
5/20/22,10,Standard Class,5/24/22,100654
5/20/22,0,Standard Class,5/24/22,100546
5/20/22,0,Second Class,5/22/22,100542
5/20/22,0,Standard Class,5/24/22,100502
5/20/22,0,Second Class,5/22/22,100405
5/20/22,0,Same Day,5/20/22,100239
5/21/22,0,First Class,5/22/22,100815
5/21/22,0,First Class,5/22/22,100735
5/21/22,5,Second Class,5/23/22,100309
5/21/22,5,Same Day,5/21/22,100137
5/21/22,0,Second Class,5/23/22,100120
5/21/22,0,Second Class,5/23/22,100066
5/22/22,0,Same Day,5/22/22,100958
5/22/22,0,Second Class,5/24/22,100869
5/22/22,0,Second Class,5/24/22,100825
5/22/22,0,Same Day,5/22/22,100284
5/23/22,0,Same Day,5/23/22,100926
5/23/22,0,Second Class,5/25/22,100579
5/23/22,0,Same Day,5/23/22,100529
5/23/22,7,First Class,5/24/22,100503
5/24/22,0,Standard Class,5/28/22,100885
5/24/22,0,Same Day,5/24/22,100774
5/24/22,7,Second Class,5/26/22,100688
5/24/22,0,First Class,5/25/22,100397
5/24/22,0,First Class,5/25/22,100050
5/25/22,0,Standard Class,5/29/22,100826
5/25/22,0,Same Day,5/25/22,100820
5/25/22,0,Standard Class,5/29/22,100742
5/25/22,9,First Class,5/26/22,100718
5/25/22,0,First Class,5/26/22,100419
5/25/22,6,First Class,5/26/22,100357
5/25/22,0,First Class,5/26/22,100187
5/26/22,0,Second Class,5/28/22,100569
5/26/22,0,First Class,5/27/22,100206
5/26/22,0,Second Class,5/28/22,100181
5/26/22,0,Same Day,5/26/22,100126
5/26/22,0,Second Class,5/28/22,100107
5/27/22,0,Second Class,5/29/22,100934
5/27/22,0,Standard Class,5/31/22,100754
5/27/22,0,Standard Class,5/31/22,100559
5/28/22,0,Standard Class,6/1/22,100881
5/28/22,0,Standard Class,6/1/22,100472
5/28/22,0,Same Day,5/28/22,100420
5/28/22,0,Same Day,5/28/22,100199
5/29/22,0,Standard Class,6/2/22,100977
5/29/22,0,Standard Class,6/2/22,100653
5/29/22,0,Second Class,5/31/22,100630
5/29/22,0,Standard Class,6/2/22,100257
5/29/22,0,First Class,5/30/22,100248
5/30/22,0,Standard Class,6/3/22,100944
5/30/22,0,Same Day,5/30/22,100901
5/30/22,0,Standard Class,6/3/22,100874
5/30/22,0,Same Day,5/30/22,100597
5/30/22,0,Second Class,6/1/22,100345
5/31/22,0,Second Class,6/2/22,100723
5/31/22,0,Second Class,6/2/22,100240
5/31/22,0,Standard Class,6/4/22,100120
5/31/22,0,Standard Class,6/4/22,100080
6/1/22,0,First Class,6/2/22,100574
6/1/22,0,First Class,6/2/22,100401
6/1/22,0,Standard Class,6/5/22,100285
6/1/22,0,Standard Class,6/5/22,100049
6/1/22,10,Standard Class,6/5/22,100043
6/2/22,0,Same Day,6/2/22,100878
6/2/22,0,First Class,6/3/22,100842
6/2/22,0,Standard Class,6/6/22,100574
6/2/22,8,Same Day,6/2/22,100533
6/2/22,0,Same Day,6/2/22,100505
6/2/22,0,First Class,6/3/22,100371
6/2/22,0,Same Day,6/2/22,100340
6/2/22,0,Second Class,6/4/22,100305
6/2/22,0,Same Day,6/2/22,100116
6/2/22,0,Second Class,6/4/22,100064
6/2/22,0,Second Class,6/4/22,100020
6/3/22,6,Second Class,6/5/22,100913
6/3/22,0,Same Day,6/3/22,100887
6/3/22,0,Same Day,6/3/22,100766
6/3/22,0,First Class,6/4/22,100473
6/3/22,0,Same Day,6/3/22,100391
6/3/22,0,First Class,6/4/22,100304
6/3/22,0,First Class,6/4/22,100281
6/3/22,0,Standard Class,6/7/22,100108
6/3/22,7,First Class,6/4/22,100087
6/3/22,0,Standard Class,6/7/22,100081
6/4/22,0,Second Class,6/6/22,100951
6/4/22,0,First Class,6/5/22,100799
6/4/22,0,Second Class,6/6/22,100456
6/4/22,0,Same Day,6/4/22,100428
6/4/22,0,Same Day,6/4/22,100342
6/4/22,0,Second Class,6/6/22,100227
6/4/22,0,Standard Class,6/8/22,100216
6/4/22,0,Same Day,6/4/22,100206
6/4/22,0,First Class,6/5/22,100132
6/5/22,0,First Class,6/6/22,100873
6/5/22,0,Same Day,6/5/22,100691
6/5/22,0,Standard Class,6/9/22,100667
6/5/22,0,First Class,6/6/22,100042
6/6/22,0,Second Class,6/8/22,100968
6/6/22,0,Same Day,6/6/22,100865
6/6/22,0,Same Day,6/6/22,100847
6/6/22,0,Standard Class,6/10/22,100716
6/6/22,0,Same Day,6/6/22,100573
6/6/22,0,Same Day,6/6/22,100508
6/6/22,7,Same Day,6/6/22,100143
6/7/22,0,Standard Class,6/11/22,100817
6/7/22,0,Standard Class,6/11/22,100606
6/7/22,0,First Class,6/8/22,100509
6/7/22,0,First Class,6/8/22,100383
6/7/22,0,Standard Class,6/11/22,100088
6/7/22,0,Same Day,6/7/22,100001
6/8/22,0,Second Class,6/10/22,100845
6/8/22,0,Same Day,6/8/22,100771
6/8/22,0,First Class,6/9/22,100662
6/8/22,0,Same Day,6/8/22,100269
6/8/22,0,Standard Class,6/12/22,100269
6/8/22,0,Same Day,6/8/22,100003
6/9/22,0,Second Class,6/11/22,100951
6/9/22,0,Same Day,6/9/22,100667
6/9/22,0,First Class,6/10/22,100649
6/9/22,0,Second Class,6/11/22,100609
6/9/22,0,Second Class,6/11/22,100595
6/9/22,0,Standard Class,6/13/22,100369
6/9/22,0,Standard Class,6/13/22,100336
6/9/22,0,Second Class,6/11/22,100213
6/10/22,0,Same Day,6/10/22,100983
6/10/22,0,Same Day,6/10/22,100947
6/10/22,0,Same Day,6/10/22,100845
6/10/22,0,Second Class,6/12/22,100724
6/10/22,0,Standard Class,6/14/22,100677
6/10/22,0,Same Day,6/10/22,100527
6/10/22,0,First Class,6/11/22,100196
6/11/22,0,First Class,6/12/22,100980
6/11/22,0,Standard Class,6/15/22,100849
6/11/22,0,Same Day,6/11/22,100761
6/11/22,0,Same Day,6/11/22,100435
6/11/22,0,Standard Class,6/15/22,100421
6/11/22,0,First Class,6/12/22,100064
6/12/22,0,Second Class,6/14/22,100995
6/12/22,0,First Class,6/13/22,100627
6/12/22,0,Same Day,6/12/22,100375
6/12/22,0,Standard Class,6/16/22,100290
6/12/22,5,First Class,6/13/22,100211
6/12/22,0,First Class,6/13/22,100010
6/13/22,0,Second Class,6/15/22,100555
6/13/22,0,Same Day,6/13/22,100086
6/13/22,0,Same Day,6/13/22,100007
6/14/22,0,Second Class,6/16/22,100149
6/15/22,0,First Class,6/16/22,100857
6/15/22,0,Same Day,6/15/22,100658
6/15/22,8,Standard Class,6/19/22,100608
6/15/22,0,First Class,6/16/22,100079
6/15/22,0,Standard Class,6/19/22,100016
6/16/22,0,Standard Class,6/20/22,100575
6/17/22,0,Standard Class,6/21/22,100911
6/17/22,0,Same Day,6/17/22,100756
6/17/22,0,Standard Class,6/21/22,100692
6/17/22,0,First Class,6/18/22,100679
6/17/22,7,Same Day,6/17/22,100368
6/17/22,0,Same Day,6/17/22,100229
6/17/22,0,Same Day,6/17/22,100010
6/18/22,0,First Class,6/19/22,100765
6/18/22,8,Second Class,6/20/22,100728
6/18/22,0,Standard Class,6/22/22,100402
6/18/22,0,Standard Class,6/22/22,100349
6/18/22,0,First Class,6/19/22,100323
6/19/22,0,Standard Class,6/23/22,100883
6/19/22,0,Standard Class,6/23/22,100788
6/19/22,0,Standard Class,6/23/22,100756
6/19/22,0,Second Class,6/21/22,100256
6/20/22,0,Same Day,6/20/22,100862
6/20/22,0,First Class,6/21/22,100861
6/20/22,6,Second Class,6/22/22,100731
6/20/22,0,Same Day,6/20/22,100677
6/20/22,0,Standard Class,6/24/22,100570
6/20/22,0,Second Class,6/22/22,100449
6/20/22,5,Second Class,6/22/22,100434
6/20/22,0,First Class,6/21/22,100124
6/21/22,0,Same Day,6/21/22,100960
6/21/22,0,Standard Class,6/25/22,100839
6/21/22,0,Second Class,6/23/22,100812
6/21/22,0,First Class,6/22/22,100106
6/21/22,0,First Class,6/22/22,100076
6/22/22,0,Same Day,6/22/22,100980
6/22/22,0,Same Day,6/22/22,100868
6/22/22,0,First Class,6/23/22,100766
6/22/22,0,Same Day,6/22/22,100762
6/22/22,0,Same Day,6/22/22,100730
6/22/22,0,Standard Class,6/26/22,100692
6/22/22,0,Same Day,6/22/22,100477
6/22/22,0,Second Class,6/24/22,100314
6/23/22,0,First Class,6/24/22,100912
6/23/22,0,Second Class,6/25/22,100876
6/23/22,7,Same Day,6/23/22,100769
6/23/22,0,Standard Class,6/27/22,100382
6/23/22,0,Second Class,6/25/22,100181
6/24/22,0,First Class,6/25/22,100471
6/24/22,0,Second Class,6/26/22,100420
6/25/22,0,Standard Class,6/29/22,100832
6/25/22,0,Second Class,6/27/22,100570
6/25/22,0,Standard Class,6/29/22,100531
6/26/22,0,First Class,6/27/22,100855
6/26/22,0,Standard Class,6/30/22,100767
6/26/22,0,Second Class,6/28/22,100654
6/26/22,0,Second Class,6/28/22,100554
6/26/22,5,Standard Class,6/30/22,100468
6/27/22,6,Second Class,6/29/22,100854
6/27/22,0,Second Class,6/29/22,100848
6/27/22,9,Second Class,6/29/22,100555
6/27/22,0,Standard Class,7/1/22,100156
6/27/22,0,Same Day,6/27/22,100017
6/28/22,0,Second Class,6/30/22,100747
6/28/22,0,Same Day,6/28/22,100177
6/29/22,9,Same Day,6/29/22,100731
6/29/22,0,Second Class,7/1/22,100333
6/30/22,7,Standard Class,7/4/22,100879
6/30/22,0,First Class,7/1/22,100808
6/30/22,0,Standard Class,7/4/22,100779
6/30/22,7,First Class,7/1/22,100721
6/30/22,0,Standard Class,7/4/22,100717
6/30/22,0,Same Day,6/30/22,100666
6/30/22,0,Standard Class,7/4/22,100433
6/30/22,0,Same Day,6/30/22,100306
6/30/22,0,Second Class,7/2/22,100289
6/30/22,0,Standard Class,7/4/22,100145
7/1/22,0,Standard Class,7/5/22,100289
7/1/22,0,Same Day,7/1/22,100250
7/1/22,0,First Class,7/2/22,100182
7/1/22,0,Same Day,7/1/22,100099
7/2/22,0,First Class,7/3/22,100995
7/2/22,0,Same Day,7/2/22,100817
7/2/22,0,First Class,7/3/22,100495
7/2/22,0,Second Class,7/4/22,100291
7/2/22,0,Second Class,7/4/22,100253
7/2/22,0,Second Class,7/4/22,100077
7/3/22,0,First Class,7/4/22,100991
7/3/22,8,Same Day,7/3/22,100857
7/3/22,0,Same Day,7/3/22,100731
7/3/22,0,Second Class,7/5/22,100728
7/3/22,9,First Class,7/4/22,100459
7/3/22,0,First Class,7/4/22,100317
7/4/22,0,Second Class,7/6/22,100982
7/4/22,0,Same Day,7/4/22,100924
7/4/22,0,Standard Class,7/8/22,100919
7/4/22,0,Second Class,7/6/22,100690
7/4/22,0,Second Class,7/6/22,100663
7/4/22,0,Standard Class,7/8/22,100490
7/4/22,0,Same Day,7/4/22,100451
7/4/22,0,Standard Class,7/8/22,100286
7/4/22,0,First Class,7/5/22,100127
7/4/22,9,Second Class,7/6/22,100045
7/4/22,0,Second Class,7/6/22,100044
7/5/22,0,Second Class,7/7/22,100750
7/5/22,5,Second Class,7/7/22,100600
7/5/22,0,Second Class,7/7/22,100457
7/5/22,0,First Class,7/6/22,100324
7/6/22,0,First Class,7/7/22,100821
7/6/22,0,Second Class,7/8/22,100717
7/6/22,0,Second Class,7/8/22,100592
7/6/22,0,Same Day,7/6/22,100461
7/7/22,0,Second Class,7/9/22,100508
7/7/22,0,Same Day,7/7/22,100375
7/7/22,0,Second Class,7/9/22,100214
7/7/22,0,Same Day,7/7/22,100077
7/8/22,0,Second Class,7/10/22,100766
7/8/22,0,Second Class,7/10/22,100472
7/8/22,0,Standard Class,7/12/22,100367
7/8/22,0,Second Class,7/10/22,100206
7/8/22,9,Second Class,7/10/22,100194
7/8/22,0,First Class,7/9/22,100017
7/9/22,10,Second Class,7/11/22,100972
7/9/22,10,First Class,7/10/22,100744
7/9/22,0,First Class,7/10/22,100546
7/9/22,0,First Class,7/10/22,100543
7/9/22,0,First Class,7/10/22,100318
7/10/22,0,Second Class,7/12/22,100988
7/10/22,0,First Class,7/11/22,100749
7/10/22,0,Standard Class,7/14/22,100698
7/10/22,8,Same Day,7/10/22,100694
7/10/22,0,Standard Class,7/14/22,100624
7/10/22,0,Same Day,7/10/22,100314
7/11/22,0,First Class,7/12/22,100502
7/11/22,0,Same Day,7/11/22,100475
7/11/22,0,Standard Class,7/15/22,100249
7/11/22,0,First Class,7/12/22,100117
7/12/22,0,Same Day,7/12/22,100891
7/12/22,0,Same Day,7/12/22,100891
7/12/22,0,First Class,7/13/22,100887
7/12/22,0,Same Day,7/12/22,100622
7/12/22,0,First Class,7/13/22,100574
7/12/22,0,Standard Class,7/16/22,100402
7/12/22,0,Standard Class,7/16/22,100396
7/12/22,6,Standard Class,7/16/22,100020
7/12/22,0,Standard Class,7/16/22,100013
7/13/22,0,Same Day,7/13/22,100608
7/13/22,0,Second Class,7/15/22,100461
7/13/22,0,Standard Class,7/17/22,100458
7/13/22,0,Standard Class,7/17/22,100369
7/13/22,0,Same Day,7/13/22,100357
7/13/22,0,Same Day,7/13/22,100175
7/13/22,0,Standard Class,7/17/22,100090
7/14/22,0,First Class,7/15/22,100831
7/14/22,0,Second Class,7/16/22,100727
7/15/22,0,Second Class,7/17/22,100882
7/15/22,0,First Class,7/16/22,100600
7/15/22,0,First Class,7/16/22,100591
7/15/22,0,Second Class,7/17/22,100543
7/15/22,0,Standard Class,7/19/22,100395
7/15/22,0,Standard Class,7/19/22,100383
7/15/22,0,Standard Class,7/19/22,100382
7/15/22,0,First Class,7/16/22,100335
7/16/22,0,Same Day,7/16/22,100786
7/16/22,0,First Class,7/17/22,100753
7/16/22,0,Standard Class,7/20/22,100673
7/16/22,5,Second Class,7/18/22,100564
7/16/22,0,First Class,7/17/22,100557
7/16/22,0,Second Class,7/18/22,100526
7/17/22,0,Same Day,7/17/22,100741
7/17/22,0,Same Day,7/17/22,100601
7/17/22,0,First Class,7/18/22,100285
7/17/22,0,Same Day,7/17/22,100102
7/18/22,0,First Class,7/19/22,100735
7/18/22,0,First Class,7/19/22,100617
7/18/22,0,First Class,7/19/22,100575
7/18/22,0,Second Class,7/20/22,100172
7/18/22,0,Standard Class,7/22/22,100006
7/19/22,0,Same Day,7/19/22,100903
7/19/22,0,First Class,7/20/22,100884
7/19/22,0,Standard Class,7/23/22,100833
7/19/22,0,Same Day,7/19/22,100463
7/19/22,0,Same Day,7/19/22,100454
7/20/22,9,Standard Class,7/24/22,100744
7/20/22,0,Standard Class,7/24/22,100692
7/20/22,0,Same Day,7/20/22,100638
7/20/22,0,Standard Class,7/24/22,100618
7/20/22,0,First Class,7/21/22,100120
7/22/22,0,Second Class,7/24/22,100906
7/22/22,0,Same Day,7/22/22,100676
7/23/22,0,Second Class,7/25/22,100202
7/24/22,0,Second Class,7/26/22,100916
7/24/22,0,Second Class,7/26/22,100728
7/24/22,0,First Class,7/25/22,100701
7/24/22,0,Standard Class,7/28/22,100550
7/24/22,0,Standard Class,7/28/22,100394
7/24/22,0,First Class,7/25/22,100335
7/24/22,0,First Class,7/25/22,100285
7/25/22,0,Standard Class,7/29/22,100918
7/25/22,0,Standard Class,7/29/22,100318
7/25/22,0,First Class,7/26/22,100101
7/26/22,0,Standard Class,7/30/22,100988
7/26/22,0,Same Day,7/26/22,100987
7/26/22,0,Second Class,7/28/22,100627
7/26/22,0,First Class,7/27/22,100563
7/26/22,0,Standard Class,7/30/22,100527
7/27/22,0,First Class,7/28/22,100901
7/27/22,7,Same Day,7/27/22,100896
7/27/22,0,Same Day,7/27/22,100746
7/27/22,0,Standard Class,7/31/22,100645
7/27/22,0,First Class,7/28/22,100401
7/27/22,0,Second Class,7/29/22,100363
7/27/22,0,First Class,7/28/22,100244
7/27/22,0,Same Day,7/27/22,100212
7/27/22,0,Standard Class,7/31/22,100066
7/28/22,0,Second Class,7/30/22,100923
7/28/22,0,First Class,7/29/22,100801
7/28/22,10,Second Class,7/30/22,100656
7/28/22,0,Same Day,7/28/22,100298
7/28/22,0,First Class,7/29/22,100159
7/28/22,0,Second Class,7/30/22,100144
7/29/22,0,First Class,7/30/22,100958
7/29/22,8,First Class,7/30/22,100383
7/29/22,0,Same Day,7/29/22,100310
7/29/22,0,Second Class,7/31/22,100054
7/30/22,0,Second Class,8/1/22,100918
7/30/22,0,Second Class,8/1/22,100859
7/30/22,0,Second Class,8/1/22,100828
7/30/22,0,Second Class,8/1/22,100466
7/30/22,0,Second Class,8/1/22,100239
7/31/22,9,First Class,8/1/22,100973
7/31/22,0,Second Class,8/2/22,100704
7/31/22,9,Standard Class,8/4/22,100384
7/31/22,0,Second Class,8/2/22,100367
7/31/22,0,Same Day,7/31/22,100280
7/31/22,0,Standard Class,8/4/22,100263
7/31/22,0,First Class,8/1/22,100153
7/31/22,0,Standard Class,8/4/22,100003
8/1/22,8,Standard Class,8/5/22,100919
8/1/22,0,Same Day,8/1/22,100801
8/1/22,7,First Class,8/2/22,100637
8/1/22,0,Standard Class,8/5/22,100449
8/1/22,0,First Class,8/2/22,100274
8/1/22,0,Same Day,8/1/22,100198
8/2/22,0,Second Class,8/4/22,100961
8/2/22,0,Standard Class,8/6/22,100862
8/2/22,0,Same Day,8/2/22,100560
8/2/22,0,Second Class,8/4/22,100123
8/3/22,0,Second Class,8/5/22,100919
8/3/22,0,Second Class,8/5/22,100671
8/3/22,0,Standard Class,8/7/22,100669
8/3/22,0,Standard Class,8/7/22,100547
8/3/22,0,Same Day,8/3/22,100543
8/3/22,0,Same Day,8/3/22,100377
8/3/22,0,Standard Class,8/7/22,100291
8/3/22,0,First Class,8/4/22,100114
8/4/22,0,Second Class,8/6/22,100978
8/4/22,0,Same Day,8/4/22,100946
8/4/22,0,First Class,8/5/22,100736
8/4/22,0,First Class,8/5/22,100653
8/4/22,0,First Class,8/5/22,100506
8/4/22,0,Same Day,8/4/22,100148
8/4/22,0,Same Day,8/4/22,100051
8/5/22,0,First Class,8/6/22,100727
8/5/22,0,Standard Class,8/9/22,100534
8/5/22,0,Standard Class,8/9/22,100165
8/6/22,0,Standard Class,8/10/22,100677
8/6/22,0,Second Class,8/8/22,100574
8/6/22,0,First Class,8/7/22,100390
8/6/22,0,Standard Class,8/10/22,100295
8/6/22,0,Second Class,8/8/22,100236
8/6/22,0,First Class,8/7/22,100220
8/7/22,0,Second Class,8/9/22,100884
8/7/22,0,Standard Class,8/11/22,100560
8/7/22,0,Second Class,8/9/22,100528
8/7/22,0,First Class,8/8/22,100470
8/7/22,0,Standard Class,8/11/22,100155
8/7/22,0,Same Day,8/7/22,100075
8/7/22,0,Standard Class,8/11/22,100030
8/8/22,0,Same Day,8/8/22,100952
8/8/22,0,First Class,8/9/22,100942
8/8/22,0,Same Day,8/8/22,100909
8/8/22,8,Second Class,8/10/22,100770
8/8/22,0,Standard Class,8/12/22,100715
8/8/22,0,First Class,8/9/22,100649
8/8/22,0,Standard Class,8/12/22,100568
8/8/22,0,First Class,8/9/22,100456
8/8/22,0,Standard Class,8/12/22,100248
8/8/22,0,Standard Class,8/12/22,100201
8/8/22,0,Standard Class,8/12/22,100085
8/9/22,0,Second Class,8/11/22,100917
8/9/22,0,Standard Class,8/13/22,100811
8/9/22,0,First Class,8/10/22,100617
8/9/22,0,Standard Class,8/13/22,100534
8/9/22,0,Standard Class,8/13/22,100178
8/10/22,0,Same Day,8/10/22,100770
8/10/22,9,Standard Class,8/14/22,100680
8/10/22,0,First Class,8/11/22,100295
8/10/22,0,Standard Class,8/14/22,100259
8/10/22,0,Standard Class,8/14/22,100214
8/10/22,7,Second Class,8/12/22,100199
8/10/22,0,Second Class,8/12/22,100136
8/11/22,0,Second Class,8/13/22,100781
8/11/22,0,Second Class,8/13/22,100776
8/11/22,0,Second Class,8/13/22,100635
8/11/22,0,Second Class,8/13/22,100587
8/11/22,0,Same Day,8/11/22,100482
8/11/22,0,Second Class,8/13/22,100472
8/11/22,0,Standard Class,8/15/22,100097
8/11/22,0,Second Class,8/13/22,100073
8/12/22,0,First Class,8/13/22,100820
8/12/22,8,Second Class,8/14/22,100617
8/12/22,0,Standard Class,8/16/22,100541
8/12/22,0,Second Class,8/14/22,100495
8/13/22,0,Same Day,8/13/22,100993
8/13/22,0,Same Day,8/13/22,100689
8/13/22,0,First Class,8/14/22,100377
8/13/22,7,Second Class,8/15/22,100279
8/13/22,0,Same Day,8/13/22,100202
8/14/22,0,First Class,8/15/22,100808
8/14/22,0,Standard Class,8/18/22,100234
8/14/22,0,Second Class,8/16/22,100044
8/15/22,5,Same Day,8/15/22,100939
8/15/22,6,Standard Class,8/19/22,100873
8/15/22,0,First Class,8/16/22,100831
8/15/22,0,Same Day,8/15/22,100766
8/15/22,0,First Class,8/16/22,100741
8/15/22,0,First Class,8/16/22,100497
8/15/22,0,First Class,8/16/22,100392
8/16/22,0,Standard Class,8/20/22,100728
8/16/22,0,Standard Class,8/20/22,100623
8/16/22,0,Standard Class,8/20/22,100490
8/16/22,0,Second Class,8/18/22,100238
8/16/22,8,Second Class,8/18/22,100032
8/16/22,0,Same Day,8/16/22,100010
8/17/22,9,First Class,8/18/22,100926
8/17/22,0,Same Day,8/17/22,100891
8/17/22,0,Second Class,8/19/22,100412
8/17/22,10,Same Day,8/17/22,100122
8/18/22,0,Same Day,8/18/22,100916
8/18/22,0,Standard Class,8/22/22,100786
8/18/22,0,Second Class,8/20/22,100239
8/19/22,0,Same Day,8/19/22,100955
8/19/22,0,First Class,8/20/22,100774
8/19/22,0,First Class,8/20/22,100383
8/19/22,0,First Class,8/20/22,100004
8/20/22,0,Same Day,8/20/22,100979
8/20/22,0,Standard Class,8/24/22,100945
8/20/22,5,Same Day,8/20/22,100921
8/20/22,0,Standard Class,8/24/22,100836
8/20/22,0,First Class,8/21/22,100755
8/20/22,0,First Class,8/21/22,100591
8/20/22,6,First Class,8/21/22,100585
8/20/22,0,First Class,8/21/22,100525
8/20/22,0,Standard Class,8/24/22,100382
8/20/22,0,Second Class,8/22/22,100327
8/20/22,6,Standard Class,8/24/22,100195
8/21/22,0,Second Class,8/23/22,100669
8/21/22,0,First Class,8/22/22,100377
8/21/22,0,Standard Class,8/25/22,100354
8/21/22,7,Standard Class,8/25/22,100352
8/21/22,0,First Class,8/22/22,100335
8/23/22,0,First Class,8/24/22,100995
8/23/22,0,Standard Class,8/27/22,100823
8/23/22,0,Second Class,8/25/22,100758
8/23/22,10,Same Day,8/23/22,100572
8/23/22,0,Same Day,8/23/22,100565
8/23/22,0,Second Class,8/25/22,100536
8/23/22,0,Second Class,8/25/22,100525
8/23/22,0,Standard Class,8/27/22,100487
8/23/22,0,Same Day,8/23/22,100164
8/23/22,6,First Class,8/24/22,100161
8/23/22,0,Second Class,8/25/22,100157
8/23/22,0,Standard Class,8/27/22,100149
8/23/22,0,First Class,8/24/22,100078
8/23/22,0,Standard Class,8/27/22,100052
8/24/22,0,Same Day,8/24/22,100978
8/24/22,0,Second Class,8/26/22,100942
8/24/22,9,Second Class,8/26/22,100802
8/24/22,0,Same Day,8/24/22,100791
8/24/22,0,Second Class,8/26/22,100770
8/24/22,0,First Class,8/25/22,100630
8/24/22,0,Standard Class,8/28/22,100576
8/24/22,8,Standard Class,8/28/22,100386
8/24/22,0,Same Day,8/24/22,100383
8/24/22,0,Standard Class,8/28/22,100138
8/24/22,7,Second Class,8/26/22,100104
8/25/22,0,Same Day,8/25/22,100904
8/25/22,0,First Class,8/26/22,100847
8/25/22,0,First Class,8/26/22,100231
8/25/22,0,First Class,8/26/22,100036
8/26/22,0,Standard Class,8/30/22,100739
8/26/22,0,Second Class,8/28/22,100627
8/26/22,0,Standard Class,8/30/22,100482
8/26/22,0,Same Day,8/26/22,100425
8/26/22,0,Same Day,8/26/22,100238
8/26/22,0,First Class,8/27/22,100142
8/26/22,0,Standard Class,8/30/22,100007
8/26/22,6,Second Class,8/28/22,100003
8/27/22,0,Standard Class,8/31/22,100731
8/27/22,0,First Class,8/28/22,100609
8/27/22,0,Standard Class,8/31/22,100495
8/27/22,0,Standard Class,8/31/22,100278
8/28/22,0,Same Day,8/28/22,100965
8/28/22,0,Second Class,8/30/22,100595
8/28/22,0,Same Day,8/28/22,100548
8/28/22,5,Second Class,8/30/22,100507
8/28/22,0,Same Day,8/28/22,100380
8/28/22,0,Second Class,8/30/22,100292
8/28/22,0,Standard Class,9/1/22,100169
8/28/22,0,Standard Class,9/1/22,100117
8/29/22,0,Same Day,8/29/22,100960
8/29/22,0,Second Class,8/31/22,100890
8/29/22,0,Same Day,8/29/22,100650
8/30/22,0,Same Day,8/30/22,100881
8/30/22,0,First Class,8/31/22,100574
8/30/22,0,Same Day,8/30/22,100418
8/30/22,0,Same Day,8/30/22,100403
8/30/22,0,Standard Class,9/3/22,100224
8/31/22,0,Same Day,8/31/22,100940
8/31/22,0,Same Day,8/31/22,100605
8/31/22,0,Standard Class,9/4/22,100560
8/31/22,0,Same Day,8/31/22,100316
8/31/22,0,Same Day,8/31/22,100297
8/31/22,0,Same Day,8/31/22,100287
8/31/22,0,First Class,9/1/22,100277
8/31/22,0,Standard Class,9/4/22,100176
9/1/22,0,First Class,9/2/22,100992
9/1/22,0,Same Day,9/1/22,100988
9/1/22,0,Second Class,9/3/22,100908
9/1/22,0,Standard Class,9/5/22,100893
9/1/22,0,Second Class,9/3/22,100802
9/1/22,6,First Class,9/2/22,100441
9/1/22,0,Standard Class,9/5/22,100168
9/2/22,0,First Class,9/3/22,100605
9/2/22,0,Same Day,9/2/22,100543
9/2/22,0,First Class,9/3/22,100256
9/2/22,0,Same Day,9/2/22,100204
9/3/22,0,Second Class,9/5/22,100548
9/3/22,0,Same Day,9/3/22,100504
9/3/22,0,Standard Class,9/7/22,100338
9/3/22,0,Standard Class,9/7/22,100338
9/4/22,0,Same Day,9/4/22,100676
9/4/22,0,Same Day,9/4/22,100570
9/4/22,0,Same Day,9/4/22,100395
9/4/22,5,First Class,9/5/22,100262
9/4/22,0,Standard Class,9/8/22,100141
9/4/22,0,Standard Class,9/8/22,100023
9/5/22,0,Same Day,9/5/22,100989
9/5/22,0,First Class,9/6/22,100900
9/5/22,0,Standard Class,9/9/22,100812
9/5/22,0,Second Class,9/7/22,100604
9/5/22,0,Standard Class,9/9/22,100437
9/6/22,0,Same Day,9/6/22,100759
9/6/22,0,Second Class,9/8/22,100491
9/6/22,0,First Class,9/7/22,100465
9/6/22,0,Standard Class,9/10/22,100418
9/6/22,0,Standard Class,9/10/22,100223
9/6/22,0,First Class,9/7/22,100072
9/7/22,0,Second Class,9/9/22,100592
9/7/22,0,Second Class,9/9/22,100362
9/7/22,0,First Class,9/8/22,100312
9/7/22,0,Second Class,9/9/22,100237
9/7/22,0,Standard Class,9/11/22,100127
9/7/22,0,Same Day,9/7/22,100079
9/7/22,0,First Class,9/8/22,100044
9/7/22,0,Second Class,9/9/22,100010
9/8/22,0,First Class,9/9/22,100413
9/8/22,0,Standard Class,9/12/22,100180
9/9/22,0,First Class,9/10/22,100957
9/9/22,0,Same Day,9/9/22,100882
9/9/22,5,Same Day,9/9/22,100766
9/9/22,0,Second Class,9/11/22,100549
9/9/22,7,First Class,9/10/22,100347
9/9/22,0,First Class,9/10/22,100019
9/10/22,8,Standard Class,9/14/22,100924
9/10/22,0,Same Day,9/10/22,100902
9/10/22,0,First Class,9/11/22,100874
9/10/22,0,First Class,9/11/22,100790
9/10/22,7,Standard Class,9/14/22,100725
9/10/22,0,Standard Class,9/14/22,100569
9/10/22,0,Second Class,9/12/22,100010
9/11/22,0,Standard Class,9/15/22,100878
9/11/22,0,Standard Class,9/15/22,100814
9/11/22,0,First Class,9/12/22,100668
9/11/22,0,Same Day,9/11/22,100587
9/11/22,0,Standard Class,9/15/22,100522
9/11/22,0,Standard Class,9/15/22,100383
9/11/22,0,Standard Class,9/15/22,100028
9/12/22,0,First Class,9/13/22,100867
9/12/22,0,First Class,9/13/22,100792
9/12/22,0,Standard Class,9/16/22,100732
9/12/22,0,Same Day,9/12/22,100536
9/12/22,0,Same Day,9/12/22,100476
9/12/22,0,Standard Class,9/16/22,100417
9/12/22,0,Second Class,9/14/22,100407
9/12/22,0,First Class,9/13/22,100314
9/12/22,0,Second Class,9/14/22,100232
9/12/22,0,Second Class,9/14/22,100210
9/12/22,0,Second Class,9/14/22,100208
9/13/22,0,Second Class,9/15/22,100856
9/13/22,0,Standard Class,9/17/22,100473
9/13/22,0,Standard Class,9/17/22,100282
9/14/22,0,Same Day,9/14/22,100755
9/14/22,0,Second Class,9/16/22,100518
9/14/22,0,Second Class,9/16/22,100372
9/14/22,0,Standard Class,9/18/22,100100
9/14/22,0,Same Day,9/14/22,100080
9/15/22,0,Second Class,9/17/22,100947
9/15/22,0,First Class,9/16/22,100887
9/15/22,0,Standard Class,9/19/22,100865
9/15/22,0,Standard Class,9/19/22,100793
9/15/22,0,Same Day,9/15/22,100776
9/15/22,0,First Class,9/16/22,100689
9/15/22,0,First Class,9/16/22,100473
9/15/22,0,First Class,9/16/22,100327
9/15/22,6,Same Day,9/15/22,100299
9/15/22,0,Standard Class,9/19/22,100009
9/16/22,0,First Class,9/17/22,100424
9/16/22,0,Same Day,9/16/22,100033
9/17/22,8,Second Class,9/19/22,100994
9/17/22,0,First Class,9/18/22,100982
9/17/22,0,Second Class,9/19/22,100962
9/17/22,8,Same Day,9/17/22,100752
9/17/22,0,Standard Class,9/21/22,100748
9/17/22,0,First Class,9/18/22,100588
9/17/22,0,Same Day,9/17/22,100541
9/17/22,0,Standard Class,9/21/22,100387
9/17/22,0,Same Day,9/17/22,100171
9/18/22,0,Second Class,9/20/22,100913
9/18/22,0,Same Day,9/18/22,100660
9/18/22,0,Second Class,9/20/22,100569
9/18/22,0,Second Class,9/20/22,100380
9/18/22,6,Same Day,9/18/22,100157
9/18/22,0,Second Class,9/20/22,100036
9/19/22,0,Standard Class,9/23/22,100801
9/19/22,0,Same Day,9/19/22,100784
9/19/22,0,First Class,9/20/22,100422
9/19/22,0,Same Day,9/19/22,100342
9/19/22,0,First Class,9/20/22,100077
9/20/22,0,Standard Class,9/24/22,100902
9/20/22,0,First Class,9/21/22,100831
9/20/22,0,Standard Class,9/24/22,100604
9/20/22,0,Standard Class,9/24/22,100190
9/21/22,0,Same Day,9/21/22,100918
9/21/22,0,Standard Class,9/25/22,100824
9/21/22,0,Standard Class,9/25/22,100562
9/21/22,0,Same Day,9/21/22,100509
9/22/22,0,First Class,9/23/22,100948
9/22/22,0,Standard Class,9/26/22,100759
9/22/22,0,Second Class,9/24/22,100405
9/22/22,0,Second Class,9/24/22,100333
9/22/22,5,Second Class,9/24/22,100309
9/22/22,0,First Class,9/23/22,100307
9/22/22,0,Same Day,9/22/22,100136
9/23/22,0,Same Day,9/23/22,100940
9/23/22,0,Same Day,9/23/22,100894
9/23/22,0,First Class,9/24/22,100687
9/23/22,0,Same Day,9/23/22,100371
9/24/22,0,Standard Class,9/28/22,100893
9/24/22,0,Same Day,9/24/22,100615
9/24/22,0,First Class,9/25/22,100532
9/24/22,0,First Class,9/25/22,100141
9/24/22,0,Second Class,9/26/22,100012
9/24/22,0,Standard Class,9/28/22,100010
9/25/22,0,Same Day,9/25/22,100922
9/25/22,0,Same Day,9/25/22,100505
9/25/22,0,Same Day,9/25/22,100494
9/26/22,0,Standard Class,9/30/22,100597
9/26/22,0,Same Day,9/26/22,100396
9/26/22,0,Same Day,9/26/22,100385
9/26/22,0,Standard Class,9/30/22,100232
9/27/22,0,Standard Class,10/1/22,100975
9/27/22,0,Same Day,9/27/22,100652
9/27/22,0,First Class,9/28/22,100535
9/27/22,0,First Class,9/28/22,100462
9/27/22,0,Standard Class,10/1/22,100282
9/27/22,0,First Class,9/28/22,100251
9/27/22,0,First Class,9/28/22,100209
9/27/22,0,Standard Class,10/1/22,100194
9/27/22,0,Same Day,9/27/22,100182
9/28/22,0,Standard Class,10/2/22,100966
9/28/22,0,Second Class,9/30/22,100667
9/28/22,0,First Class,9/29/22,100570
9/28/22,0,Standard Class,10/2/22,100530
9/28/22,0,Same Day,9/28/22,100405
9/28/22,0,Same Day,9/28/22,100360
9/28/22,0,Same Day,9/28/22,100117
9/28/22,0,First Class,9/29/22,100020
9/29/22,0,Standard Class,10/3/22,100903
9/29/22,0,Same Day,9/29/22,100779
9/29/22,0,Same Day,9/29/22,100779
9/29/22,0,Second Class,10/1/22,100637
9/29/22,0,First Class,9/30/22,100567
9/29/22,0,Same Day,9/29/22,100406
9/30/22,0,Standard Class,10/4/22,100980
9/30/22,0,Same Day,9/30/22,100976
9/30/22,0,Second Class,10/2/22,100661
9/30/22,0,Same Day,9/30/22,100593
9/30/22,0,Standard Class,10/4/22,100581
9/30/22,0,First Class,10/1/22,100020
10/1/22,0,First Class,10/2/22,100968
10/1/22,0,Same Day,10/1/22,100779
10/1/22,0,Second Class,10/3/22,100680
10/1/22,0,First Class,10/2/22,100670
10/2/22,0,Standard Class,10/6/22,100889
10/2/22,0,Same Day,10/2/22,100870
10/2/22,0,Second Class,10/4/22,100837
10/2/22,0,Standard Class,10/6/22,100597
10/3/22,0,Second Class,10/5/22,100947
10/3/22,0,Same Day,10/3/22,100712
10/3/22,0,Second Class,10/5/22,100634
10/3/22,0,First Class,10/4/22,100558
10/3/22,0,Same Day,10/3/22,100261
10/3/22,0,Second Class,10/5/22,100158
10/4/22,0,Same Day,10/4/22,100918
10/4/22,0,First Class,10/5/22,100864
10/4/22,8,Same Day,10/4/22,100864
10/4/22,0,First Class,10/5/22,100620
10/4/22,0,Same Day,10/4/22,100592
10/4/22,0,Same Day,10/4/22,100356
10/4/22,0,Standard Class,10/8/22,100077
10/4/22,0,Second Class,10/6/22,100026
10/5/22,0,First Class,10/6/22,100894
10/5/22,0,Second Class,10/7/22,100398
10/5/22,0,Standard Class,10/9/22,100205
10/6/22,0,Standard Class,10/10/22,100525
10/6/22,0,Standard Class,10/10/22,100511
10/6/22,0,Same Day,10/6/22,100465
10/6/22,0,Same Day,10/6/22,100326
10/6/22,0,Standard Class,10/10/22,100273
10/7/22,0,Second Class,10/9/22,100976
10/7/22,9,Same Day,10/7/22,100927
10/7/22,0,Same Day,10/7/22,100806
10/7/22,0,Second Class,10/9/22,100747
10/7/22,0,Second Class,10/9/22,100670
10/7/22,0,Same Day,10/7/22,100336
10/7/22,6,First Class,10/8/22,100150
10/7/22,0,First Class,10/8/22,100127
10/8/22,7,Second Class,10/10/22,100978
10/8/22,0,Second Class,10/10/22,100828
10/8/22,0,First Class,10/9/22,100827
10/8/22,0,Same Day,10/8/22,100678
10/8/22,0,First Class,10/9/22,100339
10/8/22,0,First Class,10/9/22,100192
10/9/22,0,Standard Class,10/13/22,100830
10/9/22,0,Second Class,10/11/22,100304
10/9/22,0,First Class,10/10/22,100125
10/9/22,9,Same Day,10/9/22,100035
10/10/22,0,Standard Class,10/14/22,100827
10/10/22,0,Same Day,10/10/22,100825
10/10/22,0,First Class,10/11/22,100563
10/10/22,0,First Class,10/11/22,100391
10/10/22,0,Second Class,10/12/22,100074
10/11/22,0,First Class,10/12/22,100718
10/11/22,0,Same Day,10/11/22,100603
10/11/22,0,Same Day,10/11/22,100591
10/11/22,0,Same Day,10/11/22,100513
10/11/22,0,First Class,10/12/22,100251
10/12/22,0,Same Day,10/12/22,100850
10/12/22,0,Same Day,10/12/22,100779
10/12/22,0,Standard Class,10/16/22,100615
10/12/22,0,First Class,10/13/22,100448
10/12/22,0,Same Day,10/12/22,100426
10/12/22,0,Second Class,10/14/22,100415
10/12/22,0,First Class,10/13/22,100140
10/12/22,0,Standard Class,10/16/22,100101
10/12/22,0,First Class,10/13/22,100002
10/13/22,0,Standard Class,10/17/22,100694
10/13/22,0,Same Day,10/13/22,100293
10/13/22,0,First Class,10/14/22,100173
10/13/22,0,First Class,10/14/22,100048
10/14/22,0,Standard Class,10/18/22,100828
10/14/22,0,Standard Class,10/18/22,100803
10/14/22,0,Standard Class,10/18/22,100796
10/14/22,0,Second Class,10/16/22,100735
10/14/22,0,First Class,10/15/22,100524
10/14/22,0,Standard Class,10/18/22,100219
10/14/22,0,First Class,10/15/22,100060
10/15/22,0,Second Class,10/17/22,100964
10/15/22,0,Standard Class,10/19/22,100933
10/15/22,0,Standard Class,10/19/22,100713
10/15/22,0,Second Class,10/17/22,100651
10/15/22,0,Standard Class,10/19/22,100630
10/15/22,0,Second Class,10/17/22,100238
10/15/22,0,Standard Class,10/19/22,100185
10/16/22,0,Standard Class,10/20/22,100949
10/16/22,0,First Class,10/17/22,100909
10/16/22,0,Standard Class,10/20/22,100547
10/16/22,0,Same Day,10/16/22,100495
10/16/22,0,First Class,10/17/22,100481
10/16/22,0,First Class,10/17/22,100164
10/17/22,0,Same Day,10/17/22,100990
10/17/22,0,Standard Class,10/21/22,100908
10/17/22,0,First Class,10/18/22,100907
10/17/22,0,First Class,10/18/22,100770
10/17/22,0,Same Day,10/17/22,100722
10/17/22,0,First Class,10/18/22,100700
10/17/22,0,Same Day,10/17/22,100612
10/17/22,0,Standard Class,10/21/22,100536
10/17/22,0,Second Class,10/19/22,100434
10/17/22,0,Standard Class,10/21/22,100393
10/17/22,0,Same Day,10/17/22,100313
10/17/22,0,First Class,10/18/22,100279
10/17/22,0,Same Day,10/17/22,100214
10/17/22,0,Same Day,10/17/22,100032
10/18/22,0,Standard Class,10/22/22,100986
10/18/22,0,Same Day,10/18/22,100930
10/18/22,9,Second Class,10/20/22,100667
10/18/22,0,Second Class,10/20/22,100661
10/18/22,0,First Class,10/19/22,100631
10/18/22,0,First Class,10/19/22,100606
10/18/22,0,Same Day,10/18/22,100553
10/18/22,0,Second Class,10/20/22,100374
10/18/22,0,Standard Class,10/22/22,100187
10/18/22,0,Second Class,10/20/22,100161
10/18/22,0,Second Class,10/20/22,100032
10/18/22,0,Second Class,10/20/22,100025
10/19/22,0,First Class,10/20/22,100993
10/19/22,0,Second Class,10/21/22,100644
10/20/22,0,First Class,10/21/22,100854
10/20/22,0,Standard Class,10/24/22,100672
10/20/22,0,Same Day,10/20/22,100668
10/20/22,5,Same Day,10/20/22,100450
10/20/22,0,Same Day,10/20/22,100350
10/20/22,0,Second Class,10/22/22,100068
10/21/22,7,Standard Class,10/25/22,100944
10/21/22,0,Standard Class,10/25/22,100892
10/21/22,0,First Class,10/22/22,100365
10/21/22,10,Second Class,10/23/22,100238
10/21/22,0,First Class,10/22/22,100191
10/21/22,0,Second Class,10/23/22,100113
10/21/22,0,Second Class,10/23/22,100010
10/22/22,0,Same Day,10/22/22,100311
10/22/22,0,Same Day,10/22/22,100058
10/23/22,0,First Class,10/24/22,100871
10/23/22,0,Same Day,10/23/22,100404
10/23/22,0,Second Class,10/25/22,100374
10/24/22,0,Second Class,10/26/22,100862
10/24/22,0,Second Class,10/26/22,100838
10/24/22,0,Same Day,10/24/22,100760
10/24/22,0,Same Day,10/24/22,100520
10/24/22,8,Second Class,10/26/22,100296
10/24/22,0,Same Day,10/24/22,100282
10/25/22,0,First Class,10/26/22,100987
10/25/22,0,Second Class,10/27/22,100816
10/25/22,0,Second Class,10/27/22,100777
10/25/22,0,First Class,10/26/22,100678
10/25/22,0,Same Day,10/25/22,100583
10/25/22,0,Standard Class,10/29/22,100446
10/25/22,6,Second Class,10/27/22,100183
10/26/22,0,Same Day,10/26/22,100983
10/26/22,0,Standard Class,10/30/22,100938
10/26/22,0,Same Day,10/26/22,100928
10/26/22,0,First Class,10/27/22,100766
10/26/22,0,First Class,10/27/22,100705
10/26/22,0,Second Class,10/28/22,100688
10/26/22,0,Same Day,10/26/22,100495
10/26/22,0,Second Class,10/28/22,100493
10/26/22,0,Same Day,10/26/22,100369
10/26/22,0,Second Class,10/28/22,100357
10/26/22,0,Second Class,10/28/22,100227
10/27/22,7,Same Day,10/27/22,100732
10/27/22,0,First Class,10/28/22,100657
10/27/22,0,Same Day,10/27/22,100613
10/27/22,0,Standard Class,10/31/22,100499
10/27/22,0,Second Class,10/29/22,100119
10/27/22,0,Same Day,10/27/22,100079
10/28/22,0,First Class,10/29/22,100563
10/28/22,0,First Class,10/29/22,100460
10/28/22,0,Standard Class,11/1/22,100222
10/28/22,0,First Class,10/29/22,100182
10/29/22,0,First Class,10/30/22,100811
10/29/22,0,First Class,10/30/22,100672
10/29/22,0,Standard Class,11/2/22,100249
10/30/22,0,Second Class,11/1/22,100161
10/30/22,0,Same Day,10/30/22,100061
10/31/22,0,First Class,11/1/22,100971
10/31/22,0,Standard Class,11/4/22,100949
10/31/22,0,Same Day,10/31/22,100737
10/31/22,0,First Class,11/1/22,100711
10/31/22,0,Second Class,11/2/22,100529
10/31/22,0,Standard Class,11/4/22,100280
11/1/22,0,First Class,11/2/22,100851
11/1/22,0,Same Day,11/1/22,100678
11/1/22,0,Same Day,11/1/22,100411
11/2/22,0,Same Day,11/2/22,100916
11/2/22,0,Same Day,11/2/22,100878
11/2/22,0,First Class,11/3/22,100793
11/2/22,0,Standard Class,11/6/22,100630
11/2/22,0,Same Day,11/2/22,100155
11/3/22,0,Standard Class,11/7/22,100478
11/3/22,0,Standard Class,11/7/22,100363
11/3/22,0,Standard Class,11/7/22,100151
11/4/22,0,Standard Class,11/8/22,100482
11/4/22,0,First Class,11/5/22,100338
11/4/22,0,Second Class,11/6/22,100312
11/4/22,8,First Class,11/5/22,100289
11/5/22,0,Standard Class,11/9/22,100998
11/5/22,0,Same Day,11/5/22,100890
11/5/22,0,Same Day,11/5/22,100810
11/5/22,0,Same Day,11/5/22,100791
11/5/22,7,Second Class,11/7/22,100749
11/5/22,0,First Class,11/6/22,100589
11/5/22,0,Standard Class,11/9/22,100299
11/5/22,0,First Class,11/6/22,100071
11/6/22,0,Same Day,11/6/22,100608
11/6/22,0,Second Class,11/8/22,100558
11/6/22,0,Standard Class,11/10/22,100487
11/6/22,0,Same Day,11/6/22,100357
11/6/22,0,Second Class,11/8/22,100227
11/6/22,0,Second Class,11/8/22,100037
11/7/22,0,Standard Class,11/11/22,100959
11/7/22,0,Second Class,11/9/22,100777
11/7/22,0,Standard Class,11/11/22,100697
11/7/22,9,Standard Class,11/11/22,100648
11/7/22,0,Same Day,11/7/22,100507
11/7/22,0,First Class,11/8/22,100366
11/7/22,0,First Class,11/8/22,100086
11/7/22,0,Same Day,11/7/22,100085
11/8/22,0,Standard Class,11/12/22,100984
11/8/22,10,Second Class,11/10/22,100935
11/8/22,0,Same Day,11/8/22,100908
11/8/22,6,First Class,11/9/22,100863
11/8/22,0,Standard Class,11/12/22,100067
11/9/22,0,Same Day,11/9/22,100775
11/9/22,0,First Class,11/10/22,100774
11/9/22,0,First Class,11/10/22,100736
11/9/22,0,First Class,11/10/22,100687
11/9/22,0,Same Day,11/9/22,100667
11/9/22,0,Second Class,11/11/22,100615
11/9/22,0,First Class,11/10/22,100502
11/9/22,0,Same Day,11/9/22,100482
11/9/22,8,First Class,11/10/22,100200
11/9/22,0,First Class,11/10/22,100168
11/9/22,0,Second Class,11/11/22,100123
11/9/22,0,Standard Class,11/13/22,100042
11/10/22,0,Second Class,11/12/22,100848
11/10/22,0,Standard Class,11/14/22,100683
11/10/22,0,Standard Class,11/14/22,100592
11/10/22,0,First Class,11/11/22,100057
11/11/22,0,First Class,11/12/22,100878
11/11/22,0,Same Day,11/11/22,100643
11/12/22,9,Standard Class,11/16/22,100319
11/13/22,0,Second Class,11/15/22,100954
11/13/22,0,Same Day,11/13/22,100610
11/13/22,0,Second Class,11/15/22,100212
11/14/22,0,First Class,11/15/22,100961
11/14/22,0,Same Day,11/14/22,100888
11/14/22,0,First Class,11/15/22,100487
11/14/22,0,First Class,11/15/22,100162
11/14/22,0,Standard Class,11/18/22,100040
11/15/22,0,Same Day,11/15/22,100876
11/15/22,8,Standard Class,11/19/22,100320
11/16/22,0,Second Class,11/18/22,100887
11/16/22,9,Same Day,11/16/22,100364
11/16/22,0,First Class,11/17/22,100211
11/16/22,0,Standard Class,11/20/22,100190
11/17/22,0,Same Day,11/17/22,100848
11/17/22,8,Second Class,11/19/22,100541
11/17/22,0,Standard Class,11/21/22,100476
11/17/22,0,First Class,11/18/22,100386
11/17/22,0,First Class,11/18/22,100308
11/18/22,0,Same Day,11/18/22,100896
11/18/22,0,Standard Class,11/22/22,100709
11/18/22,0,First Class,11/19/22,100677
11/18/22,0,Same Day,11/18/22,100604
11/18/22,0,First Class,11/19/22,100494
11/18/22,0,Second Class,11/20/22,100029
11/19/22,0,Same Day,11/19/22,100915
11/19/22,0,Same Day,11/19/22,100889
11/19/22,5,Same Day,11/19/22,100880
11/19/22,0,Same Day,11/19/22,100843
11/19/22,0,Second Class,11/21/22,100687
11/19/22,0,Same Day,11/19/22,100679
11/19/22,0,First Class,11/20/22,100631
11/19/22,0,Second Class,11/21/22,100604
11/19/22,0,First Class,11/20/22,100258
11/20/22,0,First Class,11/21/22,100967
11/20/22,6,Second Class,11/22/22,100682
11/20/22,0,Same Day,11/20/22,100582
11/20/22,7,Second Class,11/22/22,100317
11/21/22,0,Standard Class,11/25/22,100988
11/21/22,0,Standard Class,11/25/22,100500
11/21/22,0,First Class,11/22/22,100484
11/21/22,0,Second Class,11/23/22,100462
11/22/22,0,Standard Class,11/26/22,100912
11/22/22,0,First Class,11/23/22,100808
11/22/22,0,Second Class,11/24/22,100716
11/22/22,0,First Class,11/23/22,100622
11/22/22,0,Second Class,11/24/22,100545
11/22/22,0,Second Class,11/24/22,100172
11/23/22,0,Same Day,11/23/22,100983
11/23/22,0,Standard Class,11/27/22,100862
11/23/22,0,Same Day,11/23/22,100695
11/23/22,0,First Class,11/24/22,100673
11/23/22,0,First Class,11/24/22,100657
11/23/22,0,Standard Class,11/27/22,100552
11/23/22,5,Standard Class,11/27/22,100499
11/23/22,0,Second Class,11/25/22,100408
11/23/22,0,Standard Class,11/27/22,100257
11/23/22,0,Second Class,11/25/22,100242
11/24/22,0,First Class,11/25/22,100812
11/24/22,0,Standard Class,11/28/22,100228
11/25/22,0,Same Day,11/25/22,100740
11/25/22,0,Second Class,11/27/22,100543
11/25/22,0,First Class,11/26/22,100458
11/25/22,0,Second Class,11/27/22,100005
11/26/22,0,Standard Class,11/30/22,100938
11/26/22,0,First Class,11/27/22,100911
11/26/22,0,Second Class,11/28/22,100695
11/26/22,0,First Class,11/27/22,100580
11/26/22,0,Standard Class,11/30/22,100533
11/26/22,0,Second Class,11/28/22,100432
11/26/22,0,Standard Class,11/30/22,100405
11/26/22,8,Second Class,11/28/22,100179
11/27/22,0,Second Class,11/29/22,100981
11/27/22,0,Second Class,11/29/22,100899
11/27/22,0,Second Class,11/29/22,100778
11/27/22,0,First Class,11/28/22,100586
11/27/22,0,Standard Class,12/1/22,100533
11/27/22,0,Same Day,11/27/22,100216
11/27/22,0,Second Class,11/29/22,100170
11/27/22,0,First Class,11/28/22,100058
11/28/22,6,Second Class,11/30/22,100965
11/28/22,6,Same Day,11/28/22,100558
11/28/22,5,Standard Class,12/2/22,100532
11/28/22,0,Standard Class,12/2/22,100077
11/29/22,0,Standard Class,12/3/22,100998
11/29/22,0,Second Class,12/1/22,100916
11/29/22,0,Same Day,11/29/22,100883
11/29/22,0,Same Day,11/29/22,100785
11/29/22,0,First Class,11/30/22,100272
11/29/22,0,Standard Class,12/3/22,100183
11/30/22,0,Standard Class,12/4/22,100711
11/30/22,0,Second Class,12/2/22,100629
11/30/22,7,Standard Class,12/4/22,100624
11/30/22,6,First Class,12/1/22,100347
12/1/22,0,Second Class,12/3/22,100826
12/2/22,0,Second Class,12/4/22,100775
12/2/22,0,Second Class,12/4/22,100731
12/2/22,0,Standard Class,12/6/22,100584
12/3/22,0,Second Class,12/5/22,100988
12/3/22,0,Standard Class,12/7/22,100469
12/3/22,0,Second Class,12/5/22,100468
12/3/22,0,Second Class,12/5/22,100348
12/3/22,0,Second Class,12/5/22,100316
12/3/22,0,Standard Class,12/7/22,100158
12/3/22,0,Standard Class,12/7/22,100145
12/3/22,0,Second Class,12/5/22,100005
12/4/22,0,Standard Class,12/8/22,100844
12/4/22,8,Standard Class,12/8/22,100725
12/4/22,9,Same Day,12/4/22,100108
12/5/22,0,Second Class,12/7/22,100874
12/5/22,0,Standard Class,12/9/22,100683
12/5/22,0,First Class,12/6/22,100363
12/6/22,0,Standard Class,12/10/22,100750
12/6/22,0,First Class,12/7/22,100589
12/6/22,0,First Class,12/7/22,100497
12/6/22,0,First Class,12/7/22,100345
12/6/22,0,Same Day,12/6/22,100148
12/7/22,0,Same Day,12/7/22,100697
12/7/22,0,First Class,12/8/22,100644
12/7/22,0,Standard Class,12/11/22,100449
12/8/22,0,First Class,12/9/22,100913
12/8/22,0,Same Day,12/8/22,100864
12/8/22,0,First Class,12/9/22,100727
12/8/22,0,Standard Class,12/12/22,100717
12/8/22,6,First Class,12/9/22,100328
12/9/22,0,Second Class,12/11/22,100796
12/9/22,0,First Class,12/10/22,100698
12/9/22,0,First Class,12/10/22,100472
12/9/22,0,Standard Class,12/13/22,100383
12/9/22,0,Second Class,12/11/22,100322
12/9/22,0,Standard Class,12/13/22,100017
12/10/22,0,Second Class,12/12/22,100745
12/10/22,0,Same Day,12/10/22,100545
12/10/22,0,Same Day,12/10/22,100229
12/10/22,0,Second Class,12/12/22,100213
12/10/22,0,Same Day,12/10/22,100004
12/11/22,0,Same Day,12/11/22,100988
12/11/22,0,Same Day,12/11/22,100812
12/11/22,0,Second Class,12/13/22,100446
12/11/22,0,Second Class,12/13/22,100248
12/11/22,0,Second Class,12/13/22,100226
12/11/22,0,First Class,12/12/22,100193
12/11/22,0,Standard Class,12/15/22,100186
12/12/22,0,Second Class,12/14/22,100986
12/12/22,0,Second Class,12/14/22,100889
12/12/22,0,Second Class,12/14/22,100804
12/12/22,0,Same Day,12/12/22,100745
12/12/22,0,Standard Class,12/16/22,100449
12/12/22,8,Same Day,12/12/22,100367
12/12/22,0,Second Class,12/14/22,100145
12/13/22,0,Standard Class,12/17/22,100822
12/13/22,0,Same Day,12/13/22,100665
12/13/22,0,Second Class,12/15/22,100368
12/13/22,0,Same Day,12/13/22,100298
12/13/22,0,Same Day,12/13/22,100165
12/13/22,0,Standard Class,12/17/22,100065
12/14/22,0,Same Day,12/14/22,100968
12/14/22,0,Second Class,12/16/22,100772
12/14/22,0,Standard Class,12/18/22,100632
12/14/22,0,Standard Class,12/18/22,100346
12/14/22,0,Same Day,12/14/22,100107
12/15/22,0,Second Class,12/17/22,100966
12/15/22,0,Standard Class,12/19/22,100465
12/15/22,0,Second Class,12/17/22,100373
12/15/22,0,Standard Class,12/19/22,100342
12/15/22,9,Same Day,12/15/22,100135
12/16/22,0,Second Class,12/18/22,100696
12/16/22,0,Second Class,12/18/22,100530
12/16/22,0,First Class,12/17/22,100457
12/16/22,0,First Class,12/17/22,100414
12/17/22,0,Same Day,12/17/22,100922
12/17/22,0,Same Day,12/17/22,100603
12/17/22,0,Second Class,12/19/22,100601
12/17/22,0,Standard Class,12/21/22,100514
12/17/22,0,Second Class,12/19/22,100399
12/17/22,7,Standard Class,12/21/22,100323
12/18/22,0,First Class,12/19/22,100996
12/18/22,0,Same Day,12/18/22,100940
12/18/22,0,First Class,12/19/22,100895
12/18/22,0,First Class,12/19/22,100771
12/18/22,8,Same Day,12/18/22,100661
12/18/22,0,Standard Class,12/22/22,100528
12/18/22,0,Same Day,12/18/22,100389
12/18/22,0,Second Class,12/20/22,100065
12/19/22,8,Second Class,12/21/22,100898
12/19/22,0,Same Day,12/19/22,100858
12/19/22,0,Same Day,12/19/22,100738
12/19/22,0,First Class,12/20/22,100193
12/19/22,0,First Class,12/20/22,100181
12/19/22,0,Same Day,12/19/22,100140
12/19/22,0,Second Class,12/21/22,100006
12/20/22,0,Second Class,12/22/22,100555
12/20/22,0,Standard Class,12/24/22,100406
12/20/22,0,Second Class,12/22/22,100250
12/20/22,0,Same Day,12/20/22,100004
12/21/22,0,Standard Class,12/25/22,100568
12/21/22,0,Second Class,12/23/22,100273
12/21/22,0,Standard Class,12/25/22,100226
12/22/22,0,Standard Class,12/26/22,100589
12/22/22,0,Standard Class,12/26/22,100467
12/22/22,0,Standard Class,12/26/22,100325
12/22/22,0,Standard Class,12/26/22,100324
12/22/22,0,Standard Class,12/26/22,100292
12/23/22,0,Same Day,12/23/22,100920
12/23/22,0,Second Class,12/25/22,100565
12/23/22,0,Same Day,12/23/22,100552
12/23/22,0,First Class,12/24/22,100261
12/23/22,8,First Class,12/24/22,100154
12/24/22,0,Second Class,12/26/22,100676
12/24/22,0,First Class,12/25/22,100486
12/24/22,0,Second Class,12/26/22,100391
12/24/22,0,First Class,12/25/22,100357
12/24/22,0,First Class,12/25/22,100269
12/25/22,0,Same Day,12/25/22,100687
12/25/22,6,Same Day,12/25/22,100643
12/25/22,0,First Class,12/26/22,100613
12/25/22,0,Same Day,12/25/22,100602
12/25/22,0,Same Day,12/25/22,100273
12/25/22,0,Standard Class,12/29/22,100093
12/26/22,0,First Class,12/27/22,100997
12/26/22,0,Same Day,12/26/22,100747
12/26/22,0,Standard Class,12/30/22,100648
12/26/22,0,Second Class,12/28/22,100321
12/26/22,0,Second Class,12/28/22,100310
12/26/22,0,Second Class,12/28/22,100240
12/26/22,0,First Class,12/27/22,100130
12/26/22,0,Same Day,12/26/22,100010
12/27/22,0,Second Class,12/29/22,100592
12/27/22,0,Second Class,12/29/22,100427
12/27/22,0,Same Day,12/27/22,100187
12/27/22,0,Same Day,12/27/22,100030
12/28/22,0,Second Class,12/30/22,100708
12/28/22,0,First Class,12/29/22,100609
12/29/22,0,Same Day,12/29/22,100445
12/29/22,0,Second Class,12/31/22,100405
12/29/22,7,Same Day,12/29/22,100175
12/29/22,0,First Class,12/30/22,100126
12/30/22,0,First Class,12/31/22,100958
12/30/22,0,First Class,12/31/22,100747
12/30/22,0,First Class,12/31/22,100727
12/30/22,0,Second Class,1/1/23,100509
12/30/22,0,Standard Class,1/3/23,100203