calendarkey,full_date,day_of_week,date,month_number,month_name,qtr,year
1,2022-01-01,Saturday,1,1,January,1,2022
2,2022-01-02,Sunday,2,1,January,1,2022
3,2022-01-03,Monday,3,1,January,1,2022
4,2022-01-04,Tuesday,4,1,January,1,2022
5,2022-01-05,Wednesday,5,1,January,1,2022
6,2022-01-06,Thursday,6,1,January,1,2022
7,2022-01-07,Friday,7,1,January,1,2022
8,2022-01-08,Saturday,8,1,January,1,2022
9,2022-01-09,Sunday,9,1,January,1,2022
10,2022-01-10,Monday,10,1,January,1,2022
11,2022-01-11,Tuesday,11,1,January,1,2022
12,2022-01-12,Wednesday,12,1,January,1,2022
13,2022-01-13,Thursday,13,1,January,1,2022
14,2022-01-14,Friday,14,1,January,1,2022
15,2022-01-15,Saturday,15,1,January,1,2022
16,2022-01-16,Sunday,16,1,January,1,2022
17,2022-01-17,Monday,17,1,January,1,2022
18,2022-01-18,Tuesday,18,1,January,1,2022
19,2022-01-19,Wednesday,19,1,January,1,2022
20,2022-01-20,Thursday,20,1,January,1,2022
21,2022-01-21,Friday,21,1,January,1,2022
22,2022-01-22,Saturday,22,1,January,1,2022
23,2022-01-23,Sunday,23,1,January,1,2022
24,2022-01-24,Monday,24,1,January,1,2022
25,2022-01-25,Tuesday,25,1,January,1,2022
26,2022-01-26,Wednesday,26,1,January,1,2022
27,2022-01-27,Thursday,27,1,January,1,2022
28,2022-01-28,Friday,28,1,January,1,2022
29,2022-01-29,Saturday,29,1,January,1,2022
30,2022-01-30,Sunday,30,1,January,1,2022
31,2022-01-31,Monday,31,1,January,1,2022
32,2022-02-01,Tuesday,1,2,February,1,2022
33,2022-02-02,Wednesday,2,2,February,1,2022
34,2022-02-03,Thursday,3,2,February,1,2022
35,2022-02-04,Friday,4,2,February,1,2022
36,2022-02-05,Saturday,5,2,February,1,2022
37,2022-02-06,Sunday,6,2,February,1,2022
38,2022-02-07,Monday,7,2,February,1,2022
39,2022-02-08,Tuesday,8,2,February,1,2022
40,2022-02-09,Wednesday,9,2,February,1,2022
41,2022-02-10,Thursday,10,2,February,1,2022
42,2022-02-11,Friday,11,2,February,1,2022
43,2022-02-12,Saturday,12,2,February,1,2022
44,2022-02-13,Sunday,13,2,February,1,2022
45,2022-02-14,Monday,14,2,February,1,2022
46,2022-02-15,Tuesday,15,2,February,1,2022
47,2022-02-16,Wednesday,16,2,February,1,2022
48,2022-02-17,Thursday,17,2,February,1,2022
49,2022-02-18,Friday,18,2,February,1,2022
50,2022-02-19,Saturday,19,2,February,1,2022
51,2022-02-20,Sunday,20,2,February,1,2022
52,2022-02-21,Monday,21,2,February,1,2022
53,2022-02-22,Tuesday,22,2,February,1,2022
54,2022-02-23,Wednesday,23,2,February,1,2022
55,2022-02-24,Thursday,24,2,February,1,2022
56,2022-02-25,Friday,25,2,February,1,2022
57,2022-02-26,Saturday,26,2,February,1,2022
58,2022-02-27,Sunday,27,2,February,1,2022
59,2022-02-28,Monday,28,2,February,1,2022
60,2022-03-01,Tuesday,1,3,March,1,2022
61,2022-03-02,Wednesday,2,3,March,1,2022
62,2022-03-03,Thursday,3,3,March,1,2022
63,2022-03-04,Friday,4,3,March,1,2022
64,2022-03-05,Saturday,5,3,March,1,2022
65,2022-03-06,Sunday,6,3,March,1,2022
66,2022-03-07,Monday,7,3,March,1,2022
67,2022-03-08,Tuesday,8,3,March,1,2022
68,2022-03-09,Wednesday,9,3,March,1,2022
69,2022-03-10,Thursday,10,3,March,1,2022
70,2022-03-11,Friday,11,3,March,1,2022
71,2022-03-12,Saturday,12,3,March,1,2022
72,2022-03-13,Sunday,13,3,March,1,2022
73,2022-03-14,Monday,14,3,March,1,2022
74,2022-03-15,Tuesday,15,3,March,1,2022
75,2022-03-16,Wednesday,16,3,March,1,2022
76,2022-03-17,Thursday,17,3,March,1,2022
77,2022-03-18,Friday,18,3,March,1,2022
78,2022-03-19,Saturday,19,3,March,1,2022
79,2022-03-20,Sunday,20,3,March,1,2022
80,2022-03-21,Monday,21,3,March,1,2022
81,2022-03-22,Tuesday,22,3,March,1,2022
82,2022-03-23,Wednesday,23,3,March,1,2022
83,2022-03-24,Thursday,24,3,March,1,2022
84,2022-03-25,Friday,25,3,March,1,2022
85,2022-03-26,Saturday,26,3,March,1,2022
86,2022-03-27,Sunday,27,3,March,1,2022
87,2022-03-28,Monday,28,3,March,1,2022
88,2022-03-29,Tuesday,29,3,March,1,2022
89,2022-03-30,Wednesday,30,3,March,1,2022
90,2022-03-31,Thursday,31,3,March,1,2022
91,2022-04-01,Friday,1,4,April,2,2022
92,2022-04-02,Saturday,2,4,April,2,2022
93,2022-04-03,Sunday,3,4,April,2,2022
94,2022-04-04,Monday,4,4,April,2,2022
95,2022-04-05,Tuesday,5,4,April,2,2022
96,2022-04-06,Wednesday,6,4,April,2,2022
97,2022-04-07,Thursday,7,4,April,2,2022
98,2022-04-08,Friday,8,4,April,2,2022
99,2022-04-09,Saturday,9,4,April,2,2022
100,2022-04-10,Sunday,10,4,April,2,2022
101,2022-04-11,Monday,11,4,April,2,2022
102,2022-04-12,Tuesday,12,4,April,2,2022
103,2022-04-13,Wednesday,13,4,April,2,2022
104,2022-04-14,Thursday,14,4,April,2,2022
105,2022-04-15,Friday,15,4,April,2,2022
106,2022-04-16,Saturday,16,4,April,2,2022
107,2022-04-17,Sunday,17,4,April,2,2022
108,2022-04-18,Monday,18,4,April,2,2022
109,2022-04-19,Tuesday,19,4,April,2,2022
110,2022-04-20,Wednesday,20,4,April,2,2022
111,2022-04-21,Thursday,21,4,April,2,2022
112,2022-04-22,Friday,22,4,April,2,2022
113,2022-04-23,Saturday,23,4,April,2,2022
114,2022-04-24,Sunday,24,4,April,2,2022
115,2022-04-25,Monday,25,4,April,2,2022
116,2022-04-26,Tuesday,26,4,April,2,2022
117,2022-04-27,Wednesday,27,4,April,2,2022
118,2022-04-28,Thursday,28,4,April,2,2022
119,2022-04-29,Friday,29,4,April,2,2022
120,2022-04-30,Saturday,30,4,April,2,2022
121,2022-05-01,Sunday,1,5,May,2,2022
122,2022-05-02,Monday,2,5,May,2,2022
123,2022-05-03,Tuesday,3,5,May,2,2022
124,2022-05-04,Wednesday,4,5,May,2,2022
125,2022-05-05,Thursday,5,5,May,2,2022
126,2022-05-06,Friday,6,5,May,2,2022
127,2022-05-07,Saturday,7,5,May,2,2022
128,2022-05-08,Sunday,8,5,May,2,2022
129,2022-05-09,Monday,9,5,May,2,2022
130,2022-05-10,Tuesday,10,5,May,2,2022
131,2022-05-11,Wednesday,11,5,May,2,2022
132,2022-05-12,Thursday,12,5,May,2,2022
133,2022-05-13,Friday,13,5,May,2,2022
134,2022-05-14,Saturday,14,5,May,2,2022
135,2022-05-15,Sunday,15,5,May,2,2022
136,2022-05-16,Monday,16,5,May,2,2022
137,2022-05-17,Tuesday,17,5,May,2,2022
138,2022-05-18,Wednesday,18,5,May,2,2022
139,2022-05-19,Thursday,19,5,May,2,2022
140,2022-05-20,Friday,20,5,May,2,2022
141,2022-05-21,Saturday,21,5,May,2,2022
142,2022-05-22,Sunday,22,5,May,2,2022
143,2022-05-23,Monday,23,5,May,2,2022
144,2022-05-24,Tuesday,24,5,May,2,2022
145,2022-05-25,Wednesday,25,5,May,2,2022
146,2022-05-26,Thursday,26,5,May,2,2022
147,2022-05-27,Friday,27,5,May,2,2022
148,2022-05-28,Saturday,28,5,May,2,2022
149,2022-05-29,Sunday,29,5,May,2,2022
150,2022-05-30,Monday,30,5,May,2,2022
151,2022-05-31,Tuesday,31,5,May,2,2022
152,2022-06-01,Wednesday,1,6,June,2,2022
153,2022-06-02,Thursday,2,6,June,2,2022
154,2022-06-03,Friday,3,6,June,2,2022
155,2022-06-04,Saturday,4,6,June,2,2022
156,2022-06-05,Sunday,5,6,June,2,2022
157,2022-06-06,Monday,6,6,June,2,2022
158,2022-06-07,Tuesday,7,6,June,2,2022
159,2022-06-08,Wednesday,8,6,June,2,2022
160,2022-06-09,Thursday,9,6,June,2,2022
161,2022-06-10,Friday,10,6,June,2,2022
162,2022-06-11,Saturday,11,6,June,2,2022
163,2022-06-12,Sunday,12,6,June,2,2022
164,2022-06-13,Monday,13,6,June,2,2022
165,2022-06-14,Tuesday,14,6,June,2,2022
166,2022-06-15,Wednesday,15,6,June,2,2022
167,2022-06-16,Thursday,16,6,June,2,2022
168,2022-06-17,Friday,17,6,June,2,2022
169,2022-06-18,Saturday,18,6,June,2,2022
170,2022-06-19,Sunday,19,6,June,2,2022
171,2022-06-20,Monday,20,6,June,2,2022
172,2022-06-21,Tuesday,21,6,June,2,2022
173,2022-06-22,Wednesday,22,6,June,2,2022
174,2022-06-23,Thursday,23,6,June,2,2022
175,2022-06-24,Friday,24,6,June,2,2022
176,2022-06-25,Saturday,25,6,June,2,2022
177,2022-06-26,Sunday,26,6,June,2,2022
178,2022-06-27,Monday,27,6,June,2,2022
179,2022-06-28,Tuesday,28,6,June,2,2022
180,2022-06-29,Wednesday,29,6,June,2,2022
181,2022-06-30,Thursday,30,6,June,2,2022
182,2022-07-01,Friday,1,7,July,3,2022
183,2022-07-02,Saturday,2,7,July,3,2022
184,2022-07-03,Sunday,3,7,July,3,2022
185,2022-07-04,Monday,4,7,July,3,2022
186,2022-07-05,Tuesday,5,7,July,3,2022
187,2022-07-06,Wednesday,6,7,July,3,2022
188,2022-07-07,Thursday,7,7,July,3,2022
189,2022-07-08,Friday,8,7,July,3,2022
190,2022-07-09,Saturday,9,7,July,3,2022
191,2022-07-10,Sunday,10,7,July,3,2022
192,2022-07-11,Monday,11,7,July,3,2022
193,2022-07-12,Tuesday,12,7,July,3,2022
194,2022-07-13,Wednesday,13,7,July,3,2022
195,2022-07-14,Thursday,14,7,July,3,2022
196,2022-07-15,Friday,15,7,July,3,2022
197,2022-07-16,Saturday,16,7,July,3,2022
198,2022-07-17,Sunday,17,7,July,3,2022
199,2022-07-18,Monday,18,7,July,3,2022
200,2022-07-19,Tuesday,19,7,July,3,2022
201,2022-07-20,Wednesday,20,7,July,3,2022
202,2022-07-22,Friday,22,7,July,3,2022
203,2022-07-23,Saturday,23,7,July,3,2022
204,2022-07-24,Sunday,24,7,July,3,2022
205,2022-07-25,Monday,25,7,July,3,2022
206,2022-07-26,Tuesday,26,7,July,3,2022
207,2022-07-27,Wednesday,27,7,July,3,2022
208,2022-07-28,Thursday,28,7,July,3,2022
209,2022-07-29,Friday,29,7,July,3,2022
210,2022-07-30,Saturday,30,7,July,3,2022
211,2022-07-31,Sunday,31,7,July,3,2022
212,2022-08-01,Monday,1,8,August,3,2022
213,2022-08-02,Tuesday,2,8,August,3,2022
214,2022-08-03,Wednesday,3,8,August,3,2022
215,2022-08-04,Thursday,4,8,August,3,2022
216,2022-08-05,Friday,5,8,August,3,2022
217,2022-08-06,Saturday,6,8,August,3,2022
218,2022-08-07,Sunday,7,8,August,3,2022
219,2022-08-08,Monday,8,8,August,3,2022
220,2022-08-09,Tuesday,9,8,August,3,2022
221,2022-08-10,Wednesday,10,8,August,3,2022
222,2022-08-11,Thursday,11,8,August,3,2022
223,2022-08-12,Friday,12,8,August,3,2022
224,2022-08-13,Saturday,13,8,August,3,2022
225,2022-08-14,Sunday,14,8,August,3,2022
226,2022-08-15,Monday,15,8,August,3,2022
227,2022-08-16,Tuesday,16,8,August,3,2022
228,2022-08-17,Wednesday,17,8,August,3,2022
229,2022-08-18,Thursday,18,8,August,3,2022
230,2022-08-19,Friday,19,8,August,3,2022
231,2022-08-20,Saturday,20,8,August,3,2022
232,2022-08-21,Sunday,21,8,August,3,2022
233,2022-08-23,Tuesday,23,8,August,3,2022
234,2022-08-24,Wednesday,24,8,August,3,2022
235,2022-08-25,Thursday,25,8,August,3,2022
236,2022-08-26,Friday,26,8,August,3,2022
237,2022-08-27,Saturday,27,8,August,3,2022
238,2022-08-28,Sunday,28,8,August,3,2022
239,2022-08-29,Monday,29,8,August,3,2022
240,2022-08-30,Tuesday,30,8,August,3,2022
241,2022-08-31,Wednesday,31,8,August,3,2022
242,2022-09-01,Thursday,1,9,September,3,2022
243,2022-09-02,Friday,2,9,September,3,2022
244,2022-09-03,Saturday,3,9,September,3,2022
245,2022-09-04,Sunday,4,9,September,3,2022
246,2022-09-05,Monday,5,9,September,3,2022
247,2022-09-06,Tuesday,6,9,September,3,2022
248,2022-09-07,Wednesday,7,9,September,3,2022
249,2022-09-08,Thursday,8,9,September,3,2022
250,2022-09-09,Friday,9,9,September,3,2022
251,2022-09-10,Saturday,10,9,September,3,2022
252,2022-09-11,Sunday,11,9,September,3,2022
253,2022-09-12,Monday,12,9,September,3,2022
254,2022-09-13,Tuesday,13,9,September,3,2022
255,2022-09-14,Wednesday,14,9,September,3,2022
256,2022-09-15,Thursday,15,9,September,3,2022
257,2022-09-16,Friday,16,9,September,3,2022
258,2022-09-17,Saturday,17,9,September,3,2022
259,2022-09-18,Sunday,18,9,September,3,2022
260,2022-09-19,Monday,19,9,September,3,2022
261,2022-09-20,Tuesday,20,9,September,3,2022
262,2022-09-21,Wednesday,21,9,September,3,2022
263,2022-09-22,Thursday,22,9,September,3,2022
264,2022-09-23,Friday,23,9,September,3,2022
265,2022-09-24,Saturday,24,9,September,3,2022
266,2022-09-25,Sunday,25,9,September,3,2022
267,2022-09-26,Monday,26,9,September,3,2022
268,2022-09-27,Tuesday,27,9,September,3,2022
269,2022-09-28,Wednesday,28,9,September,3,2022
270,2022-09-29,Thursday,29,9,September,3,2022
271,2022-09-30,Friday,30,9,September,3,2022
272,2022-10-01,Saturday,1,10,October,4,2022
273,2022-10-02,Sunday,2,10,October,4,2022
274,2022-10-03,Monday,3,10,October,4,2022
275,2022-10-04,Tuesday,4,10,October,4,2022
276,2022-10-05,Wednesday,5,10,October,4,2022
277,2022-10-06,Thursday,6,10,October,4,2022
278,2022-10-07,Friday,7,10,October,4,2022
279,2022-10-08,Saturday,8,10,October,4,2022
280,2022-10-09,Sunday,9,10,October,4,2022
281,2022-10-10,Monday,10,10,October,4,2022
282,2022-10-11,Tuesday,11,10,October,4,2022
283,2022-10-12,Wednesday,12,10,October,4,2022
284,2022-10-13,Thursday,13,10,October,4,2022
285,2022-10-14,Friday,14,10,October,4,2022
286,2022-10-15,Saturday,15,10,October,4,2022
287,2022-10-16,Sunday,16,10,October,4,2022
288,2022-10-17,Monday,17,10,October,4,2022
289,2022-10-18,Tuesday,18,10,October,4,2022
290,2022-10-19,Wednesday,19,10,October,4,2022
291,2022-10-20,Thursday,20,10,October,4,2022
292,2022-10-21,Friday,21,10,October,4,2022
293,2022-10-22,Saturday,22,10,October,4,2022
294,2022-10-23,Sunday,23,10,October,4,2022
295,2022-10-24,Monday,24,10,October,4,2022
296,2022-10-25,Tuesday,25,10,October,4,2022
297,2022-10-26,Wednesday,26,10,October,4,2022
298,2022-10-27,Thursday,27,10,October,4,2022
299,2022-10-28,Friday,28,10,October,4,2022
300,2022-10-29,Saturday,29,10,October,4,2022
301,2022-10-30,Sunday,30,10,October,4,2022
302,2022-10-31,Monday,31,10,October,4,2022
303,2022-11-01,Tuesday,1,11,November,4,2022
304,2022-11-02,Wednesday,2,11,November,4,2022
305,2022-11-03,Thursday,3,11,November,4,2022
306,2022-11-04,Friday,4,11,November,4,2022
307,2022-11-05,Saturday,5,11,November,4,2022
308,2022-11-06,Sunday,6,11,November,4,2022
309,2022-11-07,Monday,7,11,November,4,2022
310,2022-11-08,Tuesday,8,11,November,4,2022
311,2022-11-09,Wednesday,9,11,November,4,2022
312,2022-11-10,Thursday,10,11,November,4,2022
313,2022-11-11,Friday,11,11,November,4,2022
314,2022-11-12,Saturday,12,11,November,4,2022
315,2022-11-13,Sunday,13,11,November,4,2022
316,2022-11-14,Monday,14,11,November,4,2022
317,2022-11-15,Tuesday,15,11,November,4,2022
318,2022-11-16,Wednesday,16,11,November,4,2022
319,2022-11-17,Thursday,17,11,November,4,2022
320,2022-11-18,Friday,18,11,November,4,2022
321,2022-11-19,Saturday,19,11,November,4,2022
322,2022-11-20,Sunday,20,11,November,4,2022
323,2022-11-21,Monday,21,11,November,4,2022
324,2022-11-22,Tuesday,22,11,November,4,2022
325,2022-11-23,Wednesday,23,11,November,4,2022
326,2022-11-24,Thursday,24,11,November,4,2022
327,2022-11-25,Friday,25,11,November,4,2022
328,2022-11-26,Saturday,26,11,November,4,2022
329,2022-11-27,Sunday,27,11,November,4,2022
330,2022-11-28,Monday,28,11,November,4,2022
331,2022-11-29,Tuesday,29,11,November,4,2022
332,2022-11-30,Wednesday,30,11,November,4,2022
333,2022-12-01,Thursday,1,12,December,4,2022
334,2022-12-02,Friday,2,12,December,4,2022
335,2022-12-03,Saturday,3,12,December,4,2022
336,2022-12-04,Sunday,4,12,December,4,2022
337,2022-12-05,Monday,5,12,December,4,2022
338,2022-12-06,Tuesday,6,12,December,4,2022
339,2022-12-07,Wednesday,7,12,December,4,2022
340,2022-12-08,Thursday,8,12,December,4,2022
341,2022-12-09,Friday,9,12,December,4,2022
342,2022-12-10,Saturday,10,12,December,4,2022
343,2022-12-11,Sunday,11,12,December,4,2022
344,2022-12-12,Monday,12,12,December,4,2022
345,2022-12-13,Tuesday,13,12,December,4,2022
346,2022-12-14,Wednesday,14,12,December,4,2022
347,2022-12-15,Thursday,15,12,December,4,2022
348,2022-12-16,Friday,16,12,December,4,2022
349,2022-12-17,Saturday,17,12,December,4,2022
350,2022-12-18,Sunday,18,12,December,4,2022
351,2022-12-19,Monday,19,12,December,4,2022
352,2022-12-20,Tuesday,20,12,December,4,2022
353,2022-12-21,Wednesday,21,12,December,4,2022
354,2022-12-22,Thursday,22,12,December,4,2022
355,2022-12-23,Friday,23,12,December,4,2022
356,2022-12-24,Saturday,24,12,December,4,2022
357,2022-12-25,Sunday,25,12,December,4,2022
358,2022-12-26,Monday,26,12,December,4,2022
359,2022-12-27,Tuesday,27,12,December,4,2022
360,2022-12-28,Wednesday,28,12,December,4,2022
361,2022-12-29,Thursday,29,12,December,4,2022
362,2022-12-30,Friday,30,12,December,4,2022
