customerkey,customer_id,customer_first_name,customer_last_name,street_address,city,state,country,postal_code,segment,customer_rating
1,100000,Cazzie,Crimin,Sapshed,Annapolis,Maryland,"United States",21405,"Home Office",NULL
2,100001,Lowe,Greguoli,Kynder,Dallas,Texas,"United States",75205,Corporate,NULL
3,100002,Mil,Gansbuhler,Winchester,Fresno,California,"United States",93715,"Home Office",1
4,100003,Sarena,Suston,Abbis,"New York City","New York","United States",10280,Consumer,4
5,100004,Gavan,Desaur,Kop,Huntington,"West Virginia","United States",25770,"Home Office",NULL
6,100005,Ambros,Slatford,Ramel,Arlington,Texas,"United States",76011,Consumer,NULL
7,100006,Alta,Beldon,Honeywood,Atlanta,Georgia,"United States",31106,Corporate,5
8,100007,Anni,Swain,Langstrath,"Corpus Christi",Texas,"United States",78426,Corporate,5
9,100008,Paco,Hockell,Aynscombe,Denver,Colorado,"United States",80223,Consumer,1
10,100009,Corry,Kiln,Rushbury,Atlanta,Georgia,"United States",30358,Corporate,NULL
11,100010,Beverlee,Oldam,Linturn,Temple,Texas,"United States",76505,Consumer,NULL
12,100011,Kelwin,Aspel,Muzzall,Pueblo,Colorado,"United States",81010,Corporate,NULL
13,100012,Brita,Tolcher,Fairhead,Columbus,Ohio,"United States",43240,Corporate,NULL
14,100013,Lavena,Undrill,Beckett,Scranton,Pennsylvania,"United States",18514,Consumer,NULL
15,100014,Huntlee,McCarroll,Cardillo,Kissimmee,Florida,"United States",34745,"Home Office",NULL
16,100015,Harwell,Valencia,Manlow,Dallas,Texas,"United States",75287,Corporate,1
17,100016,Austin,Macguire,MacAscaidh,Dayton,Ohio,"United States",45426,Consumer,NULL
18,100017,Therine,Roux,Chezier,Tampa,Florida,"United States",33694,Corporate,NULL
19,100018,Aksel,Glasscock,Passingham,Bismarck,"North Dakota","United States",58505,Corporate,NULL
20,100019,Vick,Udale,Featherstone,Oakland,California,"United States",94622,Consumer,NULL
21,100020,Dorena,Rannells,Illem,Jacksonville,Florida,"United States",32236,Corporate,4
22,100021,Zacharias,Simonson,Jozefiak,Lakewood,Washington,"United States",98498,"Home Office",NULL
23,100022,Ephrem,Badham,Coronas,Evansville,Indiana,"United States",47705,Consumer,NULL
24,100023,Noel,Dacres,Woonton,"Las Vegas",Nevada,"United States",89145,"Home Office",NULL
25,100024,Moe,Govinlock,Kaaskooper,"Des Moines",Iowa,"United States",50310,Corporate,NULL
26,100025,Maryann,Rawne,Kennagh,Columbus,Georgia,"United States",31904,Corporate,NULL
27,100026,Elliot,Emanuelov,Wortley,"Kansas City",Missouri,"United States",64109,"Home Office",NULL
28,100027,Charla,Elcom,Kenningley,Saginaw,Michigan,"United States",48609,Consumer,NULL
29,100028,Loy,Boulder,Sadlier,Berkeley,California,"United States",94712,Corporate,NULL
30,100029,Philip,Wythill,Clackers,Norfolk,Virginia,"United States",23514,Consumer,NULL
31,100030,Gearard,Dracey,Biggans,Portsmouth,"New Hampshire","United States",214,"Home Office",4
32,100031,Noak,McIntee,Whittaker,Indianapolis,Indiana,"United States",46295,Consumer,NULL
33,100032,Avery,Organer,Simunek,Cincinnati,Ohio,"United States",45233,Consumer,5
34,100033,Juan,Gaitskill,Munkley,Trenton,"New Jersey","United States",8608,Corporate,NULL
35,100034,Jerrold,Debenham,Sails,Montgomery,Alabama,"United States",36195,Consumer,NULL
36,100035,Mendie,Cattermoul,Oleksinski,Dallas,Texas,"United States",75277,Corporate,NULL
37,100036,Tiphanie,Unsworth,Feld,"Baton Rouge",Louisiana,"United States",70805,Corporate,2
38,100037,Chickie,Pawelek,Cragoe,Washington,"District of Columbia","United States",20057,Consumer,NULL
39,100038,Arabel,Lockley,Josefs,Roanoke,Virginia,"United States",24020,"Home Office",1
40,100039,Kenn,Rocca,Vankeev,Wichita,Kansas,"United States",67215,"Home Office",4
41,100040,Nellie,Bewsey,Nys,Pittsburgh,Pennsylvania,"United States",15255,"Home Office",NULL
42,100041,Ardella,Gartrell,Wraight,Newark,Delaware,"United States",19714,"Home Office",NULL
43,100042,Cliff,Risely,Capelow,Escondido,California,"United States",92030,Corporate,1
44,100043,Berna,Wellstood,Allen,"New Orleans",Louisiana,"United States",70116,Corporate,4
45,100044,Jeniece,Jewers,Siddle,Washington,"District of Columbia","United States",20099,Consumer,NULL
46,100045,Marty,Pynn,MacRierie,Brea,California,"United States",92822,Corporate,NULL
47,100046,Lissi,Callacher,Cristoforetti,Cincinnati,Ohio,"United States",45271,Consumer,2
48,100047,Niall,Olivetta,Franz-Schoninger,"Shawnee Mission",Kansas,"United States",66225,Consumer,NULL
49,100048,Erma,Dowsett,Emanuelov,Lexington,Kentucky,"United States",40546,"Home Office",NULL
50,100049,Aristotle,Broodes,Pennino,"New Castle",Pennsylvania,"United States",16107,Consumer,NULL
51,100050,Norton,O'Sherin,Johnikin,Berkeley,California,"United States",94712,Corporate,NULL
52,100051,Verena,Caulcott,Saltmarshe,Lincoln,Nebraska,"United States",68524,Consumer,NULL
53,100052,Selia,Outibridge,O'Siaghail,Fresno,California,"United States",93773,Consumer,NULL
54,100053,Quintana,Blazejewski,Sanderson,"San Francisco",California,"United States",94105,Corporate,NULL
55,100054,Amabelle,Overthrow,Unger,"Des Moines",Iowa,"United States",50330,Consumer,2
56,100055,Pavia,Carletto,Lindstedt,Boulder,Colorado,"United States",80310,Corporate,NULL
57,100056,Jocelin,Beaten,Booler,"El Paso",Texas,"United States",79928,Consumer,NULL
58,100057,Shanta,Brunstan,Ashbolt,Syracuse,"New York","United States",13217,Consumer,5
59,100058,Nickola,Waulker,Warters,Plano,Texas,"United States",75074,Consumer,NULL
60,100059,Carmelina,Aizkovitch,Godfree,"Ann Arbor",Michigan,"United States",48107,Consumer,NULL
61,100060,Pierette,Parmby,Beatens,Denver,Colorado,"United States",80204,Corporate,NULL
62,100061,Clary,Capron,Pressman,Columbus,Georgia,"United States",31904,Consumer,NULL
63,100062,Colleen,Gerardeaux,Duddy,"Young America",Minnesota,"United States",55573,"Home Office",NULL
64,100063,Immanuel,Seiler,Cram,Washington,"District of Columbia","United States",20073,Consumer,1
65,100064,Delmore,Smorfit,Atling,Portland,Maine,"United States",4109,Consumer,3
66,100065,Desiree,Sharpin,Ulyatt,Albuquerque,"New Mexico","United States",87180,Corporate,2
67,100066,Maurine,Iveson,Borgnol,Northridge,California,"United States",91328,Corporate,NULL
68,100067,Monti,Longworthy,Wraighte,"New Castle",Pennsylvania,"United States",16107,"Home Office",1
69,100068,Harriott,Whalley,Albrighton,"Kansas City",Missouri,"United States",64136,Corporate,1
70,100069,Fidela,Chattoe,Harrild,Minneapolis,Minnesota,"United States",55412,Consumer,NULL
71,100070,Lonee,Colbeck,Speedy,Huntington,"West Virginia","United States",25770,"Home Office",NULL
72,100071,Patrick,Imrie,Battaille,Stamford,Connecticut,"United States",6922,Corporate,2
73,100072,Jimmy,Sherreard,Mewes,"Fort Myers",Florida,"United States",33994,Corporate,NULL
74,100073,Deidre,Deverall,Camilio,"Lake Charles",Louisiana,"United States",70607,"Home Office",NULL
75,100074,Rance,Curryer,Wedderburn,Chicago,Illinois,"United States",60604,Corporate,NULL
76,100075,Erinn,Blythin,Swayne,"New York City","New York","United States",10280,"Home Office",NULL
77,100076,Amalita,Rootham,Sygroves,"Las Vegas",Nevada,"United States",89193,"Home Office",2
78,100077,Bearnard,Hatchman,Biddiss,Cincinnati,Ohio,"United States",45213,"Home Office",4
79,100078,Henry,Kirdsch,Youll,Alexandria,Virginia,"United States",22301,Consumer,NULL
80,100079,Alric,Jammet,Senten,Buffalo,"New York","United States",14220,Corporate,NULL
81,100080,Stella,Averall,Trood,Lubbock,Texas,"United States",79405,Consumer,NULL
82,100081,Sande,Zuenelli,Antusch,Atlanta,Georgia,"United States",30301,Corporate,NULL
83,100082,Brnaby,Durtnall,Dillow,Baltimore,Maryland,"United States",21275,Consumer,NULL
84,100083,Vito,Stoacley,Satterly,"El Paso",Texas,"United States",79934,"Home Office",3
85,100084,Alonzo,Matuszewski,Stearnes,Southfield,Michigan,"United States",48076,"Home Office",NULL
86,100085,Daryl,Kubczak,Yeulet,Shreveport,Louisiana,"United States",71161,Consumer,4
87,100086,Ibbie,Legion,Philot,Youngstown,Ohio,"United States",44555,Consumer,NULL
88,100087,Lucien,Vezey,Waldren,Nashville,Tennessee,"United States",37205,Corporate,2
89,100088,Roxanna,Nurden,Cyseley,Seminole,Florida,"United States",34642,"Home Office",NULL
90,100089,Wrennie,Rigglesford,Stedson,Charleston,"West Virginia","United States",25305,Corporate,NULL
91,100090,Ximenes,MacPherson,Iorns,"Las Vegas",Nevada,"United States",89145,"Home Office",NULL
92,100091,Yance,McKinna,Kiera,"Port Charlotte",Florida,"United States",33954,Corporate,NULL
93,100092,Othilia,Valenta,Nyland,Duluth,Minnesota,"United States",55811,"Home Office",NULL
94,100093,Xena,Sodory,McGoogan,"Fort Lauderdale",Florida,"United States",33345,Corporate,NULL
95,100094,Joy,Dalgety,Rudd,Richmond,Virginia,"United States",23272,Corporate,5
96,100095,Elwira,Watkins,Schleswig-Holstein,Omaha,Nebraska,"United States",68110,"Home Office",5
97,100096,Rolland,Babington,Hember,Austin,Texas,"United States",78703,"Home Office",NULL
98,100097,Janessa,Gonzales,Greenwood,"Saint Louis",Missouri,"United States",63180,Corporate,NULL
99,100098,Antonius,Posse,Dimbylow,Tucson,Arizona,"United States",85754,"Home Office",NULL
100,100099,Vonni,McKinlay,Fawlo,Fairbanks,Alaska,"United States",99790,"Home Office",NULL
101,100100,Mariann,Pieche,Skitterel,Marietta,Georgia,"United States",30061,Corporate,NULL
102,100101,Laurent,Reddick,Mitham,Brooklyn,"New York","United States",11236,Consumer,2
103,100102,Nathanil,Franz,Hursey,Honolulu,Hawaii,"United States",96825,Corporate,4
104,100103,Bonni,Blanc,Baythrop,"Santa Cruz",California,"United States",95064,Consumer,NULL
105,100104,Noel,Gronauer,Davenell,Charlotte,"North Carolina","United States",28220,Consumer,NULL
106,100105,Korrie,Backe,Dawson,Louisville,Kentucky,"United States",40287,Corporate,4
107,100106,Guglielma,Orleton,Marler,Albany,"New York","United States",12222,Consumer,NULL
108,100107,Moe,Boyn,Hogbourne,Inglewood,California,"United States",90310,"Home Office",NULL
109,100108,Linell,Bonifant,Kynder,Lubbock,Texas,"United States",79405,"Home Office",3
110,100109,Tony,Hatliff,Gummer,Helena,Montana,"United States",59623,Corporate,NULL
111,100110,Otes,Vinter,Rakes,Anchorage,Alaska,"United States",99512,"Home Office",NULL
112,100111,Kristin,Grimster,Jorg,Allentown,Pennsylvania,"United States",18105,Consumer,NULL
113,100112,Anderson,Francesconi,Morcomb,Greensboro,"North Carolina","United States",27415,Consumer,NULL
114,100113,Wilfred,Oaks,Geerits,Newton,Massachusetts,"United States",2458,Corporate,NULL
115,100114,Daryl,Chesworth,Handmore,Tyler,Texas,"United States",75710,Corporate,2
116,100115,Bobine,Berfoot,State,"Shawnee Mission",Kansas,"United States",66276,"Home Office",NULL
117,100116,Gavin,Fransemai,Girke,Philadelphia,Pennsylvania,"United States",19178,Corporate,NULL
118,100117,Oneida,Jordin,Fearneley,Boise,Idaho,"United States",83716,Consumer,NULL
119,100118,Keary,Queste,Duell,"El Paso",Texas,"United States",79984,"Home Office",NULL
120,100119,Kirk,Lillicrap,Kildea,Augusta,Georgia,"United States",30905,Corporate,4
121,100120,Glennis,Widd,Douch,Jeffersonville,Indiana,"United States",47134,Consumer,NULL
122,100121,June,Seamarke,Aronstein,Palatine,Illinois,"United States",60078,Consumer,NULL
123,100122,Ermin,Hudless,Galliard,Washington,"District of Columbia","United States",20566,Corporate,NULL
124,100123,Marja,Brear,Jakubowsky,Jacksonville,Florida,"United States",32204,"Home Office",NULL
125,100124,Amby,Talman,Jeune,Brockton,Massachusetts,"United States",2405,"Home Office",NULL
126,100125,Daffy,Ernke,Eddie,Seattle,Washington,"United States",98115,Corporate,NULL
127,100126,Brinna,Skoggings,Tumber,"New York City","New York","United States",10150,Corporate,NULL
128,100127,Frank,Vynoll,Pitkaithly,Lansing,Michigan,"United States",48956,"Home Office",NULL
129,100128,Steward,Allardyce,Farragher,Lancaster,California,"United States",93584,"Home Office",1
130,100129,Flin,Behrendsen,Peckitt,Peoria,Illinois,"United States",61656,Corporate,2
131,100130,Hortense,MacTrusty,Dalgarnowch,Tulsa,Oklahoma,"United States",74149,"Home Office",NULL
132,100131,Carola,Tiffney,Tinline,Jackson,Mississippi,"United States",39216,Consumer,5
133,100132,Zeke,Lander,Felgate,"Sioux Falls","South Dakota","United States",57198,Consumer,NULL
134,100133,Javier,Tissington,Kendrick,Canton,Ohio,"United States",44710,"Home Office",3
135,100134,Amberly,Ruston,Sivyour,Springfield,Massachusetts,"United States",1105,"Home Office",NULL
136,100135,Georgeanne,Minall,"de Copeman",Memphis,Tennessee,"United States",38109,"Home Office",NULL
137,100136,Wynne,Vittel,Peerless,Baltimore,Maryland,"United States",21216,Corporate,NULL
138,100137,Robby,Huntall,"De Minico",Alexandria,Virginia,"United States",22301,"Home Office",NULL
139,100138,Bari,Ortet,Surgeon,Pittsburgh,Pennsylvania,"United States",15261,"Home Office",NULL
140,100139,Lainey,Lewry,Herrema,Mobile,Alabama,"United States",36628,"Home Office",NULL
141,100140,Franny,Newlan,Robinet,"Oklahoma City",Oklahoma,"United States",73142,"Home Office",NULL
142,100141,Maegan,Agate,Damrell,Billings,Montana,"United States",59105,"Home Office",NULL
143,100142,Regen,Oherlihy,McConnell,"Corpus Christi",Texas,"United States",78410,Consumer,3
144,100143,Mollie,Leavesley,Clawson,Honolulu,Hawaii,"United States",96805,"Home Office",NULL
145,100144,Noach,Oag,Greenrodd,"Lehigh Acres",Florida,"United States",33972,Consumer,NULL
146,100145,Faythe,Snassell,Cinnamond,Jacksonville,Florida,"United States",32215,Corporate,1
147,100146,Adda,Digance,Prendeguest,Brooksville,Florida,"United States",34605,"Home Office",NULL
148,100147,Fiann,Chippindall,Langthorne,Houston,Texas,"United States",77288,Corporate,4
149,100148,Aubine,Borchardt,Citrine,Tucson,Arizona,"United States",85754,"Home Office",5
150,100149,Luciana,Burroughes,Paal,"New York City","New York","United States",10170,Corporate,5
151,100150,Dolorita,Ormston,Satteford,Madison,Wisconsin,"United States",53790,"Home Office",NULL
152,100151,Allie,Gorries,Cronk,"Los Angeles",California,"United States",90071,"Home Office",NULL
153,100152,Caria,Stephen,Curnock,"Los Angeles",California,"United States",90094,Corporate,NULL
154,100153,Henry,Carreyette,Ridsdole,"Port Washington","New York","United States",11054,"Home Office",5
155,100154,Diarmid,Burnham,Endecott,Memphis,Tennessee,"United States",38150,"Home Office",NULL
156,100155,Dalston,Lathe,Coonan,"Corpus Christi",Texas,"United States",78470,Corporate,NULL
157,100156,Bordy,Tolputt,Angear,Chandler,Arizona,"United States",85246,Corporate,NULL
158,100157,Merle,Meijer,Rings,Honolulu,Hawaii,"United States",96835,Consumer,NULL
159,100158,Hadlee,Bradwell,Roath,Washington,"District of Columbia","United States",20530,Corporate,3
160,100159,Gerri,Ashwell,Hainey`,Washington,"District of Columbia","United States",20436,"Home Office",2
161,100160,Ammamaria,Evens,Lente,Mesa,Arizona,"United States",85210,Corporate,3
162,100161,Joli,Mathis,Fittall,Phoenix,Arizona,"United States",85083,"Home Office",4
163,100162,Leena,Steedman,Aird,Waco,Texas,"United States",76796,Corporate,NULL
164,100163,Claudie,Lightwing,Roma,Naples,Florida,"United States",34108,Corporate,NULL
165,100164,Jaynell,Lorek,Flear,Jamaica,"New York","United States",11431,Corporate,NULL
166,100165,Brinn,Laise,Gladdolph,Tucson,Arizona,"United States",85748,"Home Office",4
167,100166,Hieronymus,Bushell,Mellsop,Spokane,Washington,"United States",99252,"Home Office",1
168,100167,Leif,Bussen,Crosetto,Tampa,Florida,"United States",33625,Consumer,NULL
169,100168,Liane,Bernard,Minett,Norfolk,Virginia,"United States",23504,Corporate,NULL
170,100169,Beverley,Jearum,Jonathon,Nashville,Tennessee,"United States",37205,Consumer,2
171,100170,Enrico,Clappison,Liveing,Cleveland,Ohio,"United States",44125,Corporate,NULL
172,100171,Cello,Brashier,Raigatt,Oxnard,California,"United States",93034,Corporate,NULL
173,100172,Gaynor,Sherman,Dorrins,"New York City","New York","United States",10110,Corporate,NULL
174,100173,Ginger,Collard,Gray,Washington,"District of Columbia","United States",20525,"Home Office",NULL
175,100174,Michal,Biesinger,Moncarr,Honolulu,Hawaii,"United States",96835,Consumer,NULL
176,100175,Angy,Crunden,Lind,Elmira,"New York","United States",14905,Consumer,NULL
177,100176,Giorgia,Shaxby,Hambleton,Monticello,Minnesota,"United States",55585,Consumer,NULL
178,100177,Maddalena,Readings,Leven,Columbus,Ohio,"United States",43210,Consumer,NULL
179,100178,Tracie,Jacqueminot,Huggan,Paterson,"New Jersey","United States",7522,Corporate,NULL
180,100179,Cathi,Andriveau,Brizland,"Cape Coral",Florida,"United States",33915,Consumer,NULL
181,100180,Elvyn,Zute,Routham,Springfield,Illinois,"United States",62776,Corporate,NULL
182,100181,Vina,Calwell,Hayhurst,"Fort Wayne",Indiana,"United States",46805,"Home Office",NULL
183,100182,Knox,Sanger,Hartin,Monticello,Minnesota,"United States",55590,"Home Office",4
184,100183,Pierre,Camili,Croson,Houston,Texas,"United States",77240,"Home Office",NULL
185,100184,Thomasa,McFee,Mosedill,Tampa,Florida,"United States",33610,Corporate,NULL
186,100185,Annabel,Ivantyev,Etches,"Newport News",Virginia,"United States",23605,"Home Office",NULL
187,100186,Leola,Roskruge,Arpe,"Colorado Springs",Colorado,"United States",80925,"Home Office",NULL
188,100187,Flory,Lindenstrauss,Mushett,Memphis,Tennessee,"United States",38168,"Home Office",NULL
189,100188,Valry,Muckle,"La Croce",Gainesville,Florida,"United States",32627,"Home Office",NULL
190,100189,Torrin,Padly,Kenset,Brooklyn,"New York","United States",11254,Corporate,4
191,100190,Patten,Brittles,Pipkin,"Saint Petersburg",Florida,"United States",33742,Corporate,NULL
192,100191,Yurik,Brooksbie,Hellmer,Memphis,Tennessee,"United States",38114,Consumer,1
193,100192,Ardis,Behne,Pinwill,"Colorado Springs",Colorado,"United States",80935,Corporate,NULL
194,100193,Sadella,Shoebridge,Lamperti,Newton,Massachusetts,"United States",2162,Consumer,NULL
195,100194,Valencia,Twigge,Mower,Evansville,Indiana,"United States",47737,Consumer,NULL
196,100195,Romola,Mathevon,Matokhnin,Columbus,Ohio,"United States",43240,Corporate,NULL
197,100196,Scarface,Edgworth,Bresman,"Oklahoma City",Oklahoma,"United States",73135,"Home Office",NULL
198,100197,Joelle,Giraudel,Britland,Akron,Ohio,"United States",44329,"Home Office",NULL
199,100198,Cross,Scneider,Sobtka,Charlotte,"North Carolina","United States",28289,"Home Office",3
200,100199,Guinevere,Crothers,Flicker,"Carol Stream",Illinois,"United States",60158,"Home Office",4
201,100200,Darn,Danielli,MacGaughey,Akron,Ohio,"United States",44329,"Home Office",NULL
202,100201,Kane,Glozman,Dongate,"Kansas City",Missouri,"United States",64149,"Home Office",NULL
203,100202,Raddie,Alsop,Steinor,"Las Cruces","New Mexico","United States",88006,Consumer,NULL
204,100203,Cordell,Seyers,Nurdin,Jackson,Mississippi,"United States",39282,Consumer,5
205,100204,Doris,Huntar,Watling,"Oklahoma City",Oklahoma,"United States",73114,Corporate,NULL
206,100205,Colin,Klimp,Pluthero,Portland,Oregon,"United States",97221,Corporate,NULL
207,100206,Willis,Andriesse,McKenna,Lynchburg,Virginia,"United States",24515,Consumer,NULL
208,100207,Herold,Stonier,Corking,Houston,Texas,"United States",77212,"Home Office",5
209,100208,Adrienne,Aguirrezabala,Heak,Nashville,Tennessee,"United States",37228,"Home Office",NULL
210,100209,Teodorico,Skirlin,Kohrding,Pomona,California,"United States",91797,Consumer,NULL
211,100210,Reinaldo,Taill,Dobbin,Bloomington,Illinois,"United States",61709,Consumer,2
212,100211,Barde,Gerbi,Frew,Minneapolis,Minnesota,"United States",55436,"Home Office",NULL
213,100212,Costanza,Crucitti,Treasure,Northridge,California,"United States",91328,"Home Office",NULL
214,100213,Giffy,Pidon,Crichten,Bakersfield,California,"United States",93305,Corporate,3
215,100214,Jacquelin,Eskriet,Paunsford,Spokane,Washington,"United States",99215,Consumer,NULL
216,100215,Glenda,Lisamore,Blaschek,Buffalo,"New York","United States",14210,"Home Office",NULL
217,100216,Vincent,Rubinsztein,Huggon,Roanoke,Virginia,"United States",24040,"Home Office",5
218,100217,Stanton,Bartlosz,Archbutt,Midland,Texas,"United States",79710,Corporate,2
219,100218,Eziechiele,Thackwray,McWilliam,Trenton,"New Jersey","United States",8638,Consumer,NULL
220,100219,Morgen,Ingliby,Ropartz,Honolulu,Hawaii,"United States",96810,"Home Office",NULL
221,100220,Adlai,Braithwaite,Nolton,Detroit,Michigan,"United States",48224,Corporate,NULL
222,100221,Cassandre,Stening,MacKimm,Clearwater,Florida,"United States",34615,Corporate,NULL
223,100222,Killy,Eldon,Flaune,Evansville,Indiana,"United States",47705,"Home Office",NULL
224,100223,Ardene,Bottell,Gutridge,Portsmouth,"New Hampshire","United States",3804,"Home Office",2
225,100224,Correy,Longrigg,Silley,Killeen,Texas,"United States",76544,Corporate,NULL
226,100225,Berta,Kleyn,Husher,Jacksonville,Florida,"United States",32277,Corporate,NULL
227,100226,Druci,Hilley,Dod,"El Paso",Texas,"United States",79950,Consumer,NULL
228,100227,Hercule,Joye,Moffatt,"El Paso",Texas,"United States",79955,Consumer,NULL
229,100228,Thomasine,Hendrikse,Laxon,Galveston,Texas,"United States",77554,Corporate,2
230,100229,Rochelle,Parrett,McCoveney,Florence,"South Carolina","United States",29505,Corporate,4
231,100230,Farr,Anthonies,Stallion,"Saint Paul",Minnesota,"United States",55114,Consumer,NULL
232,100231,Calli,Mannagh,Dodworth,Chicago,Illinois,"United States",60669,"Home Office",NULL
233,100232,Wilmette,Doghartie,Ogdahl,"El Paso",Texas,"United States",79955,Corporate,1
234,100233,Jareb,Wennington,Aslie,Phoenix,Arizona,"United States",85030,Consumer,NULL
235,100234,Merry,Joel,Backen,"New York City","New York","United States",10249,"Home Office",NULL
236,100235,Tabby,Latour,D'Alessio,Houston,Texas,"United States",77005,Consumer,2
237,100236,Legra,Lace,Capner,Louisville,Kentucky,"United States",40220,"Home Office",NULL
238,100237,Ellis,MacShane,Wagnerin,Indianapolis,Indiana,"United States",46216,Consumer,NULL
239,100238,Darcee,Bartolommeo,Beltzner,Reston,Virginia,"United States",20195,Consumer,2
240,100239,Albertina,Leyzell,Entres,"El Paso",Texas,"United States",79945,Corporate,5
241,100240,Claire,Vaskin,Rubinivitz,Washington,"District of Columbia","United States",20420,"Home Office",NULL
242,100241,Shay,Ruppertz,Hanlon,"Saint Paul",Minnesota,"United States",55172,"Home Office",NULL
243,100242,Roby,Questier,Paish,Eugene,Oregon,"United States",97405,Corporate,NULL
244,100243,Darci,Hazelby,Antognazzi,Sacramento,California,"United States",95813,Consumer,NULL
245,100244,Rollins,MacVaugh,Dwerryhouse,Jacksonville,Florida,"United States",32209,"Home Office",NULL
246,100245,Antons,Futcher,Klimke,"Virginia Beach",Virginia,"United States",23464,Consumer,NULL
247,100246,Sayre,McIlwraith,Matherson,Phoenix,Arizona,"United States",85020,Consumer,NULL
248,100247,Datha,Trimble,Scranney,Bronx,"New York","United States",10474,Consumer,NULL
249,100248,Steve,Bramley,Inglish,Philadelphia,Pennsylvania,"United States",19184,"Home Office",NULL
250,100249,Nickola,Porte,Pyvis,"Sioux City",Iowa,"United States",51105,Corporate,1
251,100250,Roosevelt,Lesley,Wyche,Springfield,Illinois,"United States",62705,Corporate,5
252,100251,Weber,McGurk,Culligan,Indianapolis,Indiana,"United States",46239,Consumer,5
253,100252,Kip,Oliphard,Vick,"Oklahoma City",Oklahoma,"United States",73197,Corporate,3
254,100253,Bondie,Esom,Mongenot,"Cape Coral",Florida,"United States",33915,Consumer,5
255,100254,Matti,Buckoke,Villaron,Miami,Florida,"United States",33261,"Home Office",NULL
256,100255,Thurston,Thieme,Scholar,Kent,Washington,"United States",98042,"Home Office",3
257,100256,Locke,McCadden,Unthank,Denver,Colorado,"United States",80291,Consumer,4
258,100257,Yolanthe,Devorill,Huard,"West Palm Beach",Florida,"United States",33416,Corporate,NULL
259,100258,Gaultiero,Yesenin,Jumel,"Garden Grove",California,"United States",92645,"Home Office",NULL
260,100259,Evin,Casterton,Philippault,Lakeland,Florida,"United States",33805,Consumer,NULL
261,100260,Lelia,Cashmore,Learman,Miami,Florida,"United States",33283,Corporate,NULL
262,100261,Quintilla,Besemer,Darben,Akron,Ohio,"United States",44321,Corporate,NULL
263,100262,Carmine,Karpe,Abramof,Corona,California,"United States",92878,Consumer,3
264,100263,Si,Mayte,Treleaven,Louisville,Kentucky,"United States",40280,"Home Office",NULL
265,100264,Fowler,Edmenson,Mulroy,Hattiesburg,Mississippi,"United States",39404,"Home Office",NULL
266,100265,Hercules,Emer,Vonderdell,"New York City","New York","United States",10275,Consumer,NULL
267,100266,Norri,Challener,Doget,"New Hyde Park","New York","United States",11044,"Home Office",1
268,100267,Iseabal,Dowding,Bundy,Toledo,Ohio,"United States",43635,"Home Office",4
269,100268,Cecilio,Bushell,Layson,Denver,Colorado,"United States",80270,Corporate,NULL
270,100269,Cesare,Cockton,Ivanusyev,Mesa,Arizona,"United States",85205,"Home Office",NULL
271,100270,Jae,Plessing,Kintish,Washington,"District of Columbia","United States",20508,Consumer,NULL
272,100271,Brit,Gilks,Sedman,Worcester,Massachusetts,"United States",1610,Corporate,NULL
273,100272,Karrie,Finnie,McMickan,Denver,Colorado,"United States",80291,Consumer,NULL
274,100273,Jori,Jagger,Brave,Tampa,Florida,"United States",33686,"Home Office",NULL
275,100274,Oliy,Fancy,Casado,"Kansas City",Missouri,"United States",64144,Corporate,3
276,100275,Dara,Dunrige,Aireton,Tulsa,Oklahoma,"United States",74126,Corporate,NULL
277,100276,Quintus,Dudmesh,"Mc Harg","San Francisco",California,"United States",94177,Corporate,NULL
278,100277,Welby,Jovic,Jeannot,Washington,"District of Columbia","United States",56944,Corporate,NULL
279,100278,Bartolemo,Lambshine,Nickerson,"Las Vegas",Nevada,"United States",89115,Consumer,2
280,100279,Lydie,Eyers,Panchin,"Las Vegas",Nevada,"United States",89150,Corporate,NULL
281,100280,Vincenty,Sealove,Brookson,Chicago,Illinois,"United States",60674,Consumer,NULL
282,100281,Rodie,Goor,Leghorn,Fairfield,Connecticut,"United States",6825,"Home Office",NULL
283,100282,Fairfax,O'Toole,Goodlett,Clearwater,Florida,"United States",33763,Corporate,NULL
284,100283,Reggie,Speariett,Dinnington,Dallas,Texas,"United States",75387,Consumer,NULL
285,100284,Douglass,Pinwell,Dummer,Columbus,Ohio,"United States",43204,Corporate,NULL
286,100285,Vina,Eley,Francescuccio,Springfield,Massachusetts,"United States",1105,Corporate,NULL
287,100286,Caye,Rosini,Spyer,Omaha,Nebraska,"United States",68110,Corporate,NULL
288,100287,Edith,Persitt,Firminger,"San Diego",California,"United States",92191,Consumer,NULL
289,100288,Brittaney,Brayley,Godard,Austin,Texas,"United States",78744,"Home Office",NULL
290,100289,Sidney,Postance,Ablett,Memphis,Tennessee,"United States",38168,Consumer,NULL
291,100290,Lauren,Mercy,Castellucci,Dallas,Texas,"United States",75251,Consumer,NULL
292,100291,Marie-jeanne,Wellbeloved,Weinmann,Brockton,Massachusetts,"United States",2305,"Home Office",NULL
293,100292,Alley,McLese,Jenkins,Torrance,California,"United States",90505,Consumer,4
294,100293,Aristotle,Copins,Curragh,Pittsburgh,Pennsylvania,"United States",15274,Corporate,NULL
295,100294,Jackson,Fawkes,Colquite,Louisville,Kentucky,"United States",40250,Consumer,NULL
296,100295,Mikol,Negal,Grabeham,Tallahassee,Florida,"United States",32314,Corporate,NULL
297,100296,Fabien,Coleman,Geddis,"El Paso",Texas,"United States",79955,Corporate,5
298,100297,Wake,McKeating,Gorhardt,"San Diego",California,"United States",92121,"Home Office",NULL
299,100298,Nessy,Hauxley,Mallord,Bethlehem,Pennsylvania,"United States",18018,"Home Office",NULL
300,100299,Goldie,Wrennall,Lemoir,Duluth,Georgia,"United States",30195,Corporate,NULL
301,100300,Nissie,Lippiett,Fullagar,Rochester,"New York","United States",14639,Corporate,NULL
302,100301,Ezechiel,Furney,Wakeham,"Grand Rapids",Michigan,"United States",49544,Corporate,NULL
303,100302,Barbaraanne,Jerrard,Trustey,Waterbury,Connecticut,"United States",6705,Corporate,4
304,100303,Dollie,Bartlam,Heisham,Beaumont,Texas,"United States",77713,Consumer,4
305,100304,Jeanie,Creyke,Scawn,Monroe,Louisiana,"United States",71208,Corporate,NULL
306,100305,Edgar,Goozee,Poon,Roanoke,Virginia,"United States",24004,Corporate,3
307,100306,Illa,MacGillacolm,Solleme,Dayton,Ohio,"United States",45426,"Home Office",2
308,100307,Abel,Fandrich,Bruford,Amarillo,Texas,"United States",79165,"Home Office",NULL
309,100308,Keary,Boobyer,Rate,"Kansas City",Missouri,"United States",64109,Corporate,NULL
310,100309,Gun,Coppock.,Lenoir,Brooklyn,"New York","United States",11210,Corporate,NULL
311,100310,Lacey,Attaway,Skally,"Saint Louis",Missouri,"United States",63169,"Home Office",1
312,100311,Amelie,Haselwood,Livesey,Bridgeport,Connecticut,"United States",6606,Corporate,NULL
313,100312,Arni,"St Clair",Pressey,"Apache Junction",Arizona,"United States",85219,Corporate,NULL
314,100313,Edmund,Wiltshier,Sarl,Charlotte,"North Carolina","United States",28215,Consumer,1
315,100314,Durand,Shoosmith,Bushell,Jamaica,"New York","United States",11499,"Home Office",2
316,100315,Yoshi,Flight,Lavrinov,Atlanta,Georgia,"United States",31106,Corporate,NULL
317,100316,Rosalia,McCowan,Pattesall,Springfield,Illinois,"United States",62718,Corporate,3
318,100317,Frederico,Madeley,Prando,Milwaukee,Wisconsin,"United States",53285,Corporate,NULL
319,100318,Jere,Chadwin,Robic,Lincoln,Nebraska,"United States",68524,"Home Office",NULL
320,100319,Holly,"de Tocqueville",Dionisio,Austin,Texas,"United States",78778,Consumer,NULL
321,100320,Frederich,Morrant,Beglin,Glendale,California,"United States",91205,Corporate,NULL
322,100321,Marris,MacLese,Jelks,Wilmington,Delaware,"United States",19805,Corporate,NULL
323,100322,Rem,Hanks,Attril,Pittsburgh,Pennsylvania,"United States",15279,Corporate,NULL
324,100323,Adamo,Lamping,Cullinane,Portsmouth,"New Hampshire","United States",214,"Home Office",NULL
325,100324,Marice,Lelliott,Robilliard,Syracuse,"New York","United States",13205,"Home Office",NULL
326,100325,Charlie,Braun,Pirkis,Trenton,"New Jersey","United States",8608,"Home Office",3
327,100326,Delano,Jobey,Pear,Louisville,Kentucky,"United States",40298,"Home Office",NULL
328,100327,Clarie,Spraberry,Mapledorum,Hartford,Connecticut,"United States",6140,Corporate,NULL
329,100328,Yanaton,Atling,Kenningham,Charleston,"West Virginia","United States",25389,Consumer,NULL
330,100329,Nerte,Vaney,Large,Denver,Colorado,"United States",80235,Corporate,1
331,100330,Julietta,Buckler,Tavinor,Dayton,Ohio,"United States",45403,Consumer,NULL
332,100331,Bernete,Killen,MacKall,Racine,Wisconsin,"United States",53405,"Home Office",NULL
333,100332,Amii,Aikman,Elwood,Wichita,Kansas,"United States",67230,Consumer,NULL
334,100333,Loreen,Alesio,Reay,"Salt Lake City",Utah,"United States",84115,"Home Office",NULL
335,100334,Flora,Troyes,Bythell,Jamaica,"New York","United States",11436,"Home Office",NULL
336,100335,Elora,Kapiloff,Copin,"San Jose",California,"United States",95160,Consumer,NULL
337,100336,Isidoro,Tibb,Wathey,Charleston,"West Virginia","United States",25336,"Home Office",NULL
338,100337,Nathaniel,McCloughen,Bagguley,Houston,Texas,"United States",77090,Corporate,NULL
339,100338,Katheryn,Studd,Marrett,Reno,Nevada,"United States",89595,"Home Office",NULL
340,100339,Durant,Lalevee,Ricardot,Birmingham,Alabama,"United States",35236,"Home Office",NULL
341,100340,Quintina,Hymers,Aldcorne,Houston,Texas,"United States",77025,Consumer,NULL
342,100341,Bourke,Margrie,Pinock,"Salt Lake City",Utah,"United States",84130,Consumer,NULL
343,100342,Alisa,McKean,Lambole,Austin,Texas,"United States",78759,Corporate,NULL
344,100343,Kennan,Jobbins,Eady,"North Little Rock",Arkansas,"United States",72118,Corporate,NULL
345,100344,Nicoli,Ryce,Kiddle,Augusta,Georgia,"United States",30905,Consumer,NULL
346,100345,Clarinda,Domoney,Kleszinski,Jamaica,"New York","United States",11407,"Home Office",3
347,100346,Willard,Obern,McNellis,Richmond,Virginia,"United States",23237,Consumer,4
348,100347,Brandy,Matevosian,Sesser,Memphis,Tennessee,"United States",38119,"Home Office",3
349,100348,Dietrich,MattiCCI,Jenken,"Fort Lauderdale",Florida,"United States",33330,"Home Office",NULL
350,100349,Alfie,Stallebrass,Moran,Augusta,Georgia,"United States",30911,"Home Office",NULL
351,100350,Rogers,Penvarden,Sotheron,Newark,Delaware,"United States",19714,"Home Office",NULL
352,100351,Pierce,Jessop,Guillem,"Oklahoma City",Oklahoma,"United States",73197,Corporate,3
353,100352,Concordia,Comfort,Gibb,Schenectady,"New York","United States",12325,Consumer,NULL
354,100353,Ephrem,Dimblebee,Velden,Worcester,Massachusetts,"United States",1654,Consumer,NULL
355,100354,Kevyn,Jorgensen,Meaders,Springfield,Missouri,"United States",65898,"Home Office",NULL
356,100355,Willi,Whines,Tippett,Phoenix,Arizona,"United States",85030,Corporate,4
357,100356,Linea,Watman,Winchurst,Akron,Ohio,"United States",44393,"Home Office",NULL
358,100357,Josee,Ellam,Abry,Trenton,"New Jersey","United States",8695,Corporate,5
359,100358,Jo-anne,Anney,Brookes,Houston,Texas,"United States",77260,"Home Office",NULL
360,100359,Wrennie,Merigon,Osmon,Pasadena,California,"United States",91109,Consumer,NULL
361,100360,Kitty,Waldera,Klimashevich,Jacksonville,Florida,"United States",32244,Corporate,5
362,100361,Yuri,Millgate,Sommerling,Jacksonville,Florida,"United States",32220,Corporate,3
363,100362,Aubry,Unthank,Wilmut,Kissimmee,Florida,"United States",34745,Corporate,NULL
364,100363,Brittani,Lismore,Rossetti,Kent,Washington,"United States",98042,"Home Office",NULL
365,100364,Damon,Blumsom,Leverson,Dayton,Ohio,"United States",45490,Corporate,2
366,100365,Abdul,Spinello,Bevans,"New York City","New York","United States",10184,"Home Office",NULL
367,100366,Hillie,Nerheny,Galbraith,"Fort Worth",Texas,"United States",76178,Consumer,NULL
368,100367,Merline,Bellord,Bergstrand,Sacramento,California,"United States",94263,Consumer,3
369,100368,Emory,Golley,Vaughan-Hughes,Naples,Florida,"United States",33961,Consumer,3
370,100369,Gabriell,Dunphie,O'Griffin,"Fort Wayne",Indiana,"United States",46825,Consumer,NULL
371,100370,Ginger,Kirtland,Biddwell,"New York City","New York","United States",10292,Corporate,NULL
372,100371,Mariska,Kingescot,Coatsworth,"Kansas City",Missouri,"United States",64130,Consumer,NULL
373,100372,Derick,Ninnoli,Crutchfield,"Newport News",Virginia,"United States",23612,"Home Office",NULL
374,100373,Hurlee,Mournian,Merrilees,Mobile,Alabama,"United States",36610,Corporate,NULL
375,100374,Edgardo,McIlveen,Conigsby,Albuquerque,"New Mexico","United States",87195,Consumer,3
376,100375,Alfonso,Branston,Huke,"Fort Worth",Texas,"United States",76129,Corporate,NULL
377,100376,Archer,Jolliffe,"Mc Grath",Minneapolis,Minnesota,"United States",55446,Consumer,NULL
378,100377,"Jo ann",Nipper,Duker,Milwaukee,Wisconsin,"United States",53234,Consumer,NULL
379,100378,Murry,Maggorini,Kearsley,"Salt Lake City",Utah,"United States",84120,"Home Office",4
380,100379,Otis,Coverdale,Denson,Tuscaloosa,Alabama,"United States",35405,Consumer,NULL
381,100380,Elysia,Ozelton,Erricker,Pittsburgh,Pennsylvania,"United States",15210,"Home Office",NULL
382,100381,Eli,Leighton,Schulke,Portland,Oregon,"United States",97211,"Home Office",NULL
383,100382,Rickey,O'Mailey,Windle,Lakeland,Florida,"United States",33805,Consumer,3
384,100383,Agnesse,Havock,Gonneau,Birmingham,Alabama,"United States",35215,Consumer,NULL
385,100384,Sidoney,Lownsbrough,Brehault,Athens,Georgia,"United States",30605,"Home Office",4
386,100385,Amanda,Dmisek,Halligan,Topeka,Kansas,"United States",66642,"Home Office",2
387,100386,Fonzie,Newiss,Hoodless,Amarillo,Texas,"United States",79159,"Home Office",NULL
388,100387,Laughton,Morrallee,Kerins,Lubbock,Texas,"United States",79410,"Home Office",NULL
389,100388,Christos,Polycote,Tonner,Honolulu,Hawaii,"United States",96825,"Home Office",NULL
390,100389,Junia,Antonich,Gremain,Milwaukee,Wisconsin,"United States",53277,Corporate,NULL
391,100390,Katalin,Liddiatt,Raitie,Raleigh,"North Carolina","United States",27605,"Home Office",5
392,100391,Thorstein,Tiptaft,Hazeup,"Little Rock",Arkansas,"United States",72209,"Home Office",NULL
393,100392,Felicia,Giles,Cluckie,Concord,California,"United States",94522,"Home Office",NULL
394,100393,Arielle,Cornels,Gambles,Mobile,Alabama,"United States",36628,"Home Office",NULL
395,100394,Lanna,Gabbat,Langston,Rochester,"New York","United States",14614,"Home Office",NULL
396,100395,Gael,Pargeter,Butteris,"Saint Petersburg",Florida,"United States",33737,Corporate,4
397,100396,Norry,Adacot,Penreth,Norfolk,Virginia,"United States",23504,Consumer,NULL
398,100397,Jandy,Petracco,Joynes,Toledo,Ohio,"United States",43605,Corporate,NULL
399,100398,Frankie,Baton,Craigg,Atlanta,Georgia,"United States",30311,Consumer,NULL
400,100399,Hallie,Melan,Phittiplace,"Wilkes Barre",Pennsylvania,"United States",18768,Corporate,NULL
401,100400,Arron,O'Ferris,Lascell,Cincinnati,Ohio,"United States",45218,Consumer,NULL
402,100401,Collie,Boutellier,Dunphy,"San Antonio",Texas,"United States",78291,"Home Office",NULL
403,100402,Krishna,Botwood,Hellicar,Littleton,Colorado,"United States",80127,"Home Office",4
404,100403,Martguerita,Surtees,Splevins,Honolulu,Hawaii,"United States",96810,Consumer,NULL
405,100404,Austine,Grishanin,Poulden,Vienna,Virginia,"United States",22184,Consumer,NULL
406,100405,Carney,Boules,Jeannin,Milwaukee,Wisconsin,"United States",53277,Corporate,1
407,100406,Estevan,Rickasse,Bentall,"Oklahoma City",Oklahoma,"United States",73142,Corporate,NULL
408,100407,Adam,Robe,Ackerman,Montgomery,Alabama,"United States",36177,Corporate,4
409,100408,Hanna,Fussen,Benedetti,"Fort Lauderdale",Florida,"United States",33355,Consumer,NULL
410,100409,Phyllida,Abazi,Devonport,Augusta,Georgia,"United States",30905,"Home Office",NULL
411,100410,Joni,Machin,Jodrellec,"Newport Beach",California,"United States",92662,"Home Office",NULL
412,100411,Beverlee,Winch,Mailes,Houston,Texas,"United States",77080,"Home Office",NULL
413,100412,Melany,Gambles,Winny,Danbury,Connecticut,"United States",6816,Corporate,NULL
414,100413,Haven,McEllen,Fernandez,"Sioux Falls","South Dakota","United States",57105,"Home Office",NULL
415,100414,Lesley,Cardillo,Ksandra,Milwaukee,Wisconsin,"United States",53210,Corporate,NULL
416,100415,Daria,Giannassi,Crosseland,Birmingham,Alabama,"United States",35279,Consumer,1
417,100416,Jany,MacKey,Letty,Hicksville,"New York","United States",11854,Consumer,5
418,100417,Mirella,Czapla,Stanluck,"Saint Paul",Minnesota,"United States",55108,Consumer,2
419,100418,Chan,Meller,Devonald,Chicago,Illinois,"United States",60663,"Home Office",NULL
420,100419,Melony,Prue,Over,Knoxville,Tennessee,"United States",37924,Consumer,NULL
421,100420,Phineas,Ornells,Brumen,Harrisburg,Pennsylvania,"United States",17110,"Home Office",NULL
422,100421,Starlin,Stabler,Merdew,"New Orleans",Louisiana,"United States",70179,Consumer,3
423,100422,Phillipp,"De Haven",Feben,Memphis,Tennessee,"United States",38143,Corporate,2
424,100423,Marlo,Morford,Schorah,"White Plains","New York","United States",10606,Consumer,NULL
425,100424,Maxine,Raven,Dahl,"Wilkes Barre",Pennsylvania,"United States",18768,Consumer,4
426,100425,Elli,Vinter,Wassung,Springfield,Virginia,"United States",22156,"Home Office",NULL
427,100426,Benn,Pinhorn,Allery,Austin,Texas,"United States",78789,Consumer,NULL
428,100427,Bayard,Swansbury,Paal,Harrisburg,Pennsylvania,"United States",17140,"Home Office",NULL
429,100428,Fredrick,Gravey,Sadlier,Philadelphia,Pennsylvania,"United States",19172,"Home Office",NULL
430,100429,Magnum,Laver,Ambrogio,"Fort Wayne",Indiana,"United States",46896,"Home Office",NULL
431,100430,Renee,Waight,Ottawell,"Boynton Beach",Florida,"United States",33436,"Home Office",NULL
432,100431,Ellsworth,Denekamp,"De Mars",Trenton,"New Jersey","United States",8619,Consumer,2
433,100432,Hana,Joy,Phelipeaux,Mobile,Alabama,"United States",36670,Consumer,3
434,100433,Romonda,Cornelisse,Leftly,Amarillo,Texas,"United States",79182,Consumer,4
435,100434,Faulkner,Craigs,Burkill,Raleigh,"North Carolina","United States",27615,Consumer,NULL
436,100435,Sigvard,Burvill,Morter,"West Palm Beach",Florida,"United States",33405,Consumer,NULL
437,100436,Jackelyn,Logsdale,Lambdon,"Los Angeles",California,"United States",90015,Consumer,NULL
438,100437,Ilise,Kuban,Antonias,Albuquerque,"New Mexico","United States",87105,"Home Office",NULL
439,100438,Wayland,Zolini,Gillison,Lincoln,Nebraska,"United States",68583,Consumer,NULL
440,100439,Jilleen,Vogeller,Reeders,Tacoma,Washington,"United States",98447,Consumer,NULL
441,100440,Hayley,Pitchers,Dumphry,Arlington,Virginia,"United States",22217,Corporate,3
442,100441,Tomasina,Steade,Whyborne,Bradenton,Florida,"United States",34282,Consumer,NULL
443,100442,Devonna,Cana,Shewsmith,Schenectady,"New York","United States",12305,"Home Office",NULL
444,100443,Kimmi,Starling,Treharne,"Salt Lake City",Utah,"United States",84115,"Home Office",NULL
445,100444,Freedman,"Van den Hof",Skeleton,Evansville,Indiana,"United States",47712,Consumer,NULL
446,100445,Dulcinea,Erickssen,Storms,Tallahassee,Florida,"United States",32309,"Home Office",NULL
447,100446,Rocky,Haselgrove,Consadine,Charleston,"West Virginia","United States",25362,Corporate,NULL
448,100447,Joey,Whitelaw,Kennham,Sacramento,California,"United States",95852,Corporate,NULL
449,100448,Marjie,Demke,Kollaschek,Pensacola,Florida,"United States",32505,Corporate,NULL
450,100449,Thorndike,Lawler,Tomaszewski,"New York City","New York","United States",10203,Consumer,5
451,100450,Joni,Florez,Riccioppo,Riverside,California,"United States",92505,Corporate,NULL
452,100451,Corene,Burrett,Rase,Columbus,Ohio,"United States",43215,"Home Office",NULL
453,100452,Dorisa,Spindler,Coats,Boston,Massachusetts,"United States",2104,Consumer,NULL
454,100453,Glynn,Livard,Gilliard,Tampa,Florida,"United States",33633,Consumer,NULL
455,100454,Elnore,Impy,Eles,Miami,Florida,"United States",33175,"Home Office",4
456,100455,Camila,Evins,Beynon,"El Paso",Texas,"United States",79916,"Home Office",NULL
457,100456,Ruthi,Ateridge,Banister,"Port Saint Lucie",Florida,"United States",34985,Corporate,NULL
458,100457,Orton,Kneath,Glantz,Harrisburg,Pennsylvania,"United States",17105,Consumer,4
459,100458,Marj,Trevino,Iacoboni,Wilmington,"North Carolina","United States",28405,Corporate,NULL
460,100459,Luciana,Kilius,Pickworth,Washington,"District of Columbia","United States",20268,"Home Office",NULL
461,100460,Tim,Tilliards,Syddie,Reading,Pennsylvania,"United States",19605,Consumer,NULL
462,100461,Hilly,Buzek,Moralis,"El Paso",Texas,"United States",79999,Corporate,4
463,100462,Christabella,Jarrard,Vannoni,Washington,"District of Columbia","United States",20210,Corporate,NULL
464,100463,Aggie,Starr,Bunhill,"Oklahoma City",Oklahoma,"United States",73135,Consumer,NULL
465,100464,Xylia,Lehrmann,Laugherane,"Colorado Springs",Colorado,"United States",80920,"Home Office",NULL
466,100465,Hubert,Coping,Kumaar,"High Point","North Carolina","United States",27264,Consumer,NULL
467,100466,Henrik,Blewmen,Wanley,Lynchburg,Virginia,"United States",24515,"Home Office",NULL
468,100467,Ermin,Hechlin,Haggie,"El Paso",Texas,"United States",88563,Corporate,NULL
469,100468,Katleen,Coltart,Ewing,Birmingham,Alabama,"United States",35279,Consumer,NULL
470,100469,Annetta,Petschel,Winch,Arlington,Virginia,"United States",22244,Consumer,NULL
471,100470,Hugibert,Hillyatt,Reddle,Toledo,Ohio,"United States",43666,Corporate,NULL
472,100471,Lisabeth,Eginton,Waterfall,Cincinnati,Ohio,"United States",45203,Corporate,NULL
473,100472,Liv,Buckam,Morison,Lafayette,Louisiana,"United States",70593,Consumer,NULL
474,100473,Sol,Belden,Anyon,Syracuse,"New York","United States",13210,"Home Office",2
475,100474,Perice,Elstob,Carlan,Milwaukee,Wisconsin,"United States",53263,Corporate,NULL
476,100475,Jasmin,McGrotty,Castanyer,"Kansas City",Missouri,"United States",64142,"Home Office",NULL
477,100476,Ellen,Brookshaw,Abrahamovitz,Austin,Texas,"United States",78721,"Home Office",NULL
478,100477,Albie,Gann,Chaudrelle,"Des Moines",Iowa,"United States",50936,Corporate,NULL
479,100478,Creight,Wrightem,Roze,Pensacola,Florida,"United States",32505,"Home Office",4
480,100479,Dixie,Tortoishell,Galpin,"Corpus Christi",Texas,"United States",78465,Corporate,2
481,100480,Noble,Buye,Vidineev,Dallas,Texas,"United States",75310,Corporate,NULL
482,100481,Cob,Rolfi,Kimble,"Baton Rouge",Louisiana,"United States",70805,Consumer,NULL
483,100482,Nicol,Duxfield,MacAdam,Chicago,Illinois,"United States",60614,"Home Office",NULL
484,100483,Calley,Dabourne,Bassilashvili,"Santa Monica",California,"United States",90410,Corporate,NULL
485,100484,Berny,Hedman,Callander,"Port Charlotte",Florida,"United States",33954,"Home Office",NULL
486,100485,Celina,Wilson,Hagston,Canton,Ohio,"United States",44720,Corporate,NULL
487,100486,Riordan,Cluer,Hussell,Chattanooga,Tennessee,"United States",37410,Corporate,NULL
488,100487,Jeanine,Mannin,Welling,Waterbury,Connecticut,"United States",6726,Corporate,NULL
489,100488,Agatha,Rediers,Bruckent,Portland,Oregon,"United States",97240,Consumer,1
490,100489,Cymbre,Gard,Slinn,"El Paso",Texas,"United States",79934,Consumer,NULL
491,100490,Wilone,Oboy,Griffen,"Saint Paul",Minnesota,"United States",55146,Corporate,NULL
492,100491,Wendi,Miko,Giroldo,Amarillo,Texas,"United States",79182,Consumer,NULL
493,100492,Fawnia,Perin,Burgon,Louisville,Kentucky,"United States",40215,"Home Office",NULL
494,100493,Odessa,Voaden,Stiegers,"El Paso",Texas,"United States",88558,"Home Office",NULL
495,100494,Rodie,Brewett,Etter,Lafayette,Louisiana,"United States",70505,Consumer,3
496,100495,Agneta,Harrop,Cottee,"Mc Keesport",Pennsylvania,"United States",15134,Consumer,NULL
497,100496,Mariette,Wortley,Swannie,Tampa,Florida,"United States",33605,"Home Office",NULL
498,100497,Curtice,"Dell Casa",Beardow,"Wilkes Barre",Pennsylvania,"United States",18706,"Home Office",2
499,100498,Beatriz,Sikorsky,Newbigging,Tucson,Arizona,"United States",85715,Consumer,NULL
500,100499,Mitchael,Charpin,O'Rodane,Roanoke,Virginia,"United States",24004,Corporate,NULL
501,100500,Leupold,Jovanovic,Lant,Fresno,California,"United States",93704,"Home Office",NULL
502,100501,Feodor,Staniland,Cashford,Bloomington,Indiana,"United States",47405,Corporate,NULL
503,100502,Hewett,Gillam,McAlpine,Durham,"North Carolina","United States",27705,Consumer,5
504,100503,Cordie,Castane,Chagg,Cincinnati,Ohio,"United States",45203,"Home Office",NULL
505,100504,Teresita,Warters,Heinish,Charlotte,"North Carolina","United States",28272,Corporate,1
506,100505,Cassius,Saer,Hansod,Dallas,Texas,"United States",75226,"Home Office",NULL
507,100506,Basil,Hinze,Yakobovitz,Baltimore,Maryland,"United States",21229,Corporate,NULL
508,100507,Dina,Pedlar,Gauler,Atlanta,Georgia,"United States",30301,Consumer,NULL
509,100508,Conrade,O'Fallowne,Parfitt,Pueblo,Colorado,"United States",81015,"Home Office",5
510,100509,Mickie,Fattorini,Etter,"Los Angeles",California,"United States",90005,Corporate,NULL
511,100510,Cecil,Roff,Drinkale,Spokane,Washington,"United States",99205,Corporate,2
512,100511,Dagny,Wyre,Faulks,Columbus,Georgia,"United States",31904,Consumer,NULL
513,100512,Arin,Hakey,Flintoffe,"Garden Grove",California,"United States",92645,"Home Office",NULL
514,100513,Sherm,D'eath,Treher,Savannah,Georgia,"United States",31410,"Home Office",NULL
515,100514,Burke,Rooney,Deetlefs,Bowie,Maryland,"United States",20719,Corporate,NULL
516,100515,Lauren,Whittle,Dodgshun,Washington,"District of Columbia","United States",20041,Consumer,NULL
517,100516,Giustino,Cheese,Arnhold,"El Paso",Texas,"United States",79989,"Home Office",NULL
518,100517,Kora,Ryles,Juszczyk,Denver,Colorado,"United States",80217,Corporate,NULL
519,100518,Marian,Kissack,Guess,Pueblo,Colorado,"United States",81010,Consumer,5
520,100519,Katusha,Charlin,Farrants,"Fort Wayne",Indiana,"United States",46857,Corporate,NULL
521,100520,Roderigo,Draayer,Eykelhof,"Carson City",Nevada,"United States",89706,Corporate,4
522,100521,Sue,Berrie,Alkin,Honolulu,Hawaii,"United States",96805,Consumer,NULL
523,100522,Hugibert,Llywarch,Rickis,"Santa Ana",California,"United States",92705,Consumer,NULL
524,100523,Clarie,Keunemann,Bowdidge,Wilmington,"North Carolina","United States",28410,Consumer,NULL
525,100524,Merralee,Castane,Hutchins,Buffalo,"New York","United States",14225,Consumer,NULL
526,100525,Jacinta,Seagrove,Gowenlock,"Great Neck","New York","United States",11024,"Home Office",NULL
527,100526,Nathalie,Strudwick,Claiton,Savannah,Georgia,"United States",31416,Consumer,NULL
528,100527,Karla,McQuilkin,Onele,Beaumont,Texas,"United States",77713,"Home Office",NULL
529,100528,Dannye,Woodstock,Ragate,Flint,Michigan,"United States",48505,Consumer,NULL
530,100529,Phylis,Gillions,Wonham,"Kansas City",Missouri,"United States",64187,Corporate,4
531,100530,Marla,Harcombe,Martschke,"New Orleans",Louisiana,"United States",70174,Corporate,NULL
532,100531,Thacher,Kennaird,Warmisham,"Grand Rapids",Michigan,"United States",49560,Consumer,NULL
533,100532,Alena,Loveridge,Bosward,Humble,Texas,"United States",77346,Corporate,NULL
534,100533,Jesse,Ledur,Hilland,Evansville,Indiana,"United States",47719,"Home Office",NULL
535,100534,Marabel,Cressey,Chatt,Naples,Florida,"United States",34114,Consumer,4
536,100535,Kassia,Sterricker,Matterface,Lafayette,Louisiana,"United States",70505,"Home Office",NULL
537,100536,Pascale,Dallicoat,Horsey,Corona,California,"United States",92878,"Home Office",NULL
538,100537,Jaymee,Colville,Meadway,Greensboro,"North Carolina","United States",27409,Corporate,NULL
539,100538,Lefty,Mulvenna,O'Brollachain,Boise,Idaho,"United States",83716,Consumer,1
540,100539,Farrell,"De Beauchemp",Forri,"San Jose",California,"United States",95173,"Home Office",NULL
541,100540,Gabie,Jahns,Iddons,Washington,"District of Columbia","United States",20425,Corporate,1
542,100541,Brandon,Gouth,Vasic,Phoenix,Arizona,"United States",85053,Consumer,NULL
543,100542,Rheta,Nancarrow,Norridge,Erie,Pennsylvania,"United States",16522,"Home Office",NULL
544,100543,Maggy,Coward,Spoors,"San Francisco",California,"United States",94110,Corporate,NULL
545,100544,Wylma,Sieghard,Argo,Topeka,Kansas,"United States",66611,"Home Office",NULL
546,100545,Kirsteni,Randerson,Brophy,Reading,Pennsylvania,"United States",19610,Consumer,NULL
547,100546,Lane,Luckman,Kolodziejski,Decatur,Georgia,"United States",30033,Corporate,NULL
548,100547,Renaldo,Howsam,Benito,Cincinnati,Ohio,"United States",45296,Corporate,2
549,100548,Skelly,Fawdry,Maw,Rochester,"New York","United States",14646,Corporate,NULL
550,100549,Bobby,Atley,"Van Velde",Charleston,"West Virginia","United States",25313,"Home Office",NULL
551,100550,Vitia,Mariel,Frisby,"Baton Rouge",Louisiana,"United States",70815,Corporate,NULL
552,100551,Simmonds,Caveney,Bartel,"Silver Spring",Maryland,"United States",20918,Consumer,3
553,100552,Berri,Cumo,Sivior,Memphis,Tennessee,"United States",38109,Consumer,NULL
554,100553,Shannon,Barbier,Rizon,Anaheim,California,"United States",92825,"Home Office",NULL
555,100554,Jennifer,Ennals,Braithwait,"Fort Worth",Texas,"United States",76162,Consumer,NULL
556,100555,Elbert,Botger,Grunson,"Moreno Valley",California,"United States",92555,"Home Office",5
557,100556,Drusy,Monery,Stallen,Indianapolis,Indiana,"United States",46278,Consumer,NULL
558,100557,Gayelord,Fardy,Pedrocco,"Los Angeles",California,"United States",90035,Consumer,1
559,100558,Shanda,Balffye,Boays,Midland,Texas,"United States",79705,Consumer,NULL
560,100559,Amory,Lamberto,Foan,Levittown,Pennsylvania,"United States",19058,Consumer,NULL
561,100560,Alane,Dallan,Gribbins,Cleveland,Ohio,"United States",44197,Corporate,NULL
562,100561,Delmer,Pyne,Stobbs,Stockton,California,"United States",95298,Consumer,NULL
563,100562,Carolan,Lacknor,Kunz,Topeka,Kansas,"United States",66622,"Home Office",5
564,100563,Garrot,Scocroft,MacNalley,"San Diego",California,"United States",92191,Corporate,NULL
565,100564,Lilian,Gronaver,Barden,Denver,Colorado,"United States",80249,Corporate,2
566,100565,Kelsi,Pevreal,Deerr,"El Paso",Texas,"United States",79950,Corporate,NULL
567,100566,Elysha,Silbermann,Winckles,Nashville,Tennessee,"United States",37205,"Home Office",NULL
568,100567,Mil,Grigorini,Manston,Zephyrhills,Florida,"United States",33543,Consumer,NULL
569,100568,Gerti,Tabard,Joddens,Montgomery,Alabama,"United States",36119,"Home Office",NULL
570,100569,Onfre,Vlasenko,Dunston,Decatur,Georgia,"United States",30033,Corporate,NULL
571,100570,Grange,Balm,Batterton,Tacoma,Washington,"United States",98442,Corporate,NULL
572,100571,Roman,Tropman,Lloyds,"Los Angeles",California,"United States",90005,"Home Office",5
573,100572,Darline,Ioan,Neilly,Cleveland,Ohio,"United States",44130,"Home Office",NULL
574,100573,Gearard,Tonepohl,Disman,Brea,California,"United States",92822,Consumer,NULL
575,100574,Benedikta,Treagust,MacCaughen,Harrisburg,Pennsylvania,"United States",17126,Corporate,NULL
576,100575,Bernette,Tuckie,Farnham,"Winter Haven",Florida,"United States",33884,"Home Office",NULL
577,100576,Chucho,Viscovi,Wooller,Ashburn,Virginia,"United States",22093,Corporate,NULL
578,100577,Kacy,Loach,Gladding,Atlanta,Georgia,"United States",30323,Corporate,3
579,100578,Shaylynn,Boland,Ballance,Columbus,Ohio,"United States",43210,Corporate,NULL
580,100579,Yetta,Thorald,Bousler,Gary,Indiana,"United States",46406,Corporate,NULL
581,100580,Blinnie,Macconaghy,Morphet,Pasadena,California,"United States",91131,Consumer,NULL
582,100581,Torie,Headech,Coatham,"San Francisco",California,"United States",94116,Corporate,NULL
583,100582,Lutero,Marskell,Cumpton,Brooklyn,"New York","United States",11225,"Home Office",NULL
584,100583,Jenica,Pittem,Sertin,Birmingham,Alabama,"United States",35254,Corporate,NULL
585,100584,Berthe,Rogge,Delyth,Sacramento,California,"United States",94250,"Home Office",NULL
586,100585,Adrian,Reyson,Sitwell,"El Paso",Texas,"United States",88519,"Home Office",NULL
587,100586,Harriot,Hansie,Doni,Spokane,Washington,"United States",99252,"Home Office",NULL
588,100587,Lionello,Huddart,Pettet,Boston,Massachusetts,"United States",2109,Consumer,4
589,100588,Aron,Monelli,Jeromson,Dayton,Ohio,"United States",45419,Consumer,NULL
590,100589,Tootsie,Scully,Fahy,Houston,Texas,"United States",77228,Corporate,NULL
591,100590,Angel,Jori,Harg,Dallas,Texas,"United States",75210,Corporate,2
592,100591,Shantee,Briscoe,Donativo,Norfolk,Virginia,"United States",23504,"Home Office",5
593,100592,Nahum,Rossbrook,MacVanamy,Huntington,"West Virginia","United States",25711,Corporate,3
594,100593,Elysha,Walczak,Mault,Rochester,"New York","United States",14619,Consumer,NULL
595,100594,Garrek,Baughn,Perrelli,Norman,Oklahoma,"United States",73071,Corporate,NULL
596,100595,Malory,Kildahl,Douch,Birmingham,Alabama,"United States",35263,Consumer,NULL
597,100596,Reuven,Sommers,Applewhite,Houston,Texas,"United States",77055,"Home Office",NULL
598,100597,Chrisse,Ringe,Demangel,Atlanta,Georgia,"United States",30380,Consumer,NULL
599,100598,Corrianne,Zannetti,O'Halleghane,Honolulu,Hawaii,"United States",96810,"Home Office",4
600,100599,Valene,Davall,Brice,"Little Rock",Arkansas,"United States",72209,"Home Office",NULL
601,100600,Aubrette,Jallin,Pandey,Houston,Texas,"United States",77260,Consumer,5
602,100601,Siward,Duddell,Mutter,"New Orleans",Louisiana,"United States",70187,Consumer,NULL
603,100602,Herta,Batrip,Milson,"San Antonio",Texas,"United States",78291,Consumer,NULL
604,100603,Mariya,Larner,"De Robertis","Colorado Springs",Colorado,"United States",80951,Consumer,NULL
605,100604,Philbert,Lehemann,Garnsworth,Charlotte,"North Carolina","United States",28210,"Home Office",NULL
606,100605,Dosi,Grut,Izachik,Washington,"District of Columbia","United States",20005,Consumer,1
607,100606,Avictor,Wynrahame,Milborn,"New Haven",Connecticut,"United States",6538,"Home Office",NULL
608,100607,Solly,Casely,Frenchum,Tacoma,Washington,"United States",98447,"Home Office",NULL
609,100608,Chase,Dallaghan,Tremblet,Rochester,"New York","United States",14614,Corporate,5
610,100609,Rennie,Chrishop,Spores,"Carson City",Nevada,"United States",89706,"Home Office",2
611,100610,Mollee,Tuvey,Bassill,Oakland,California,"United States",94611,Corporate,NULL
612,100611,Florina,Davidescu,Ouldred,Brooklyn,"New York","United States",11215,Consumer,NULL
613,100612,Erminia,Powell,Siemandl,Denver,Colorado,"United States",80235,Consumer,NULL
614,100613,Orsa,Goundsy,Lound,Springfield,Illinois,"United States",62718,Consumer,NULL
615,100614,Gabe,Arthey,Pipes,Wichita,Kansas,"United States",67210,Consumer,NULL
616,100615,Jason,Dudny,Dooland,Scottsdale,Arizona,"United States",85260,"Home Office",5
617,100616,Celestia,Bourhill,Medland,Dayton,Ohio,"United States",45440,Consumer,NULL
618,100617,Lizabeth,Gowers,Dymock,Pittsburgh,Pennsylvania,"United States",15286,Corporate,NULL
619,100618,Delores,Harrema,Rich,"Des Moines",Iowa,"United States",50936,Corporate,5
620,100619,Aile,Gennrich,O'Heagertie,Minneapolis,Minnesota,"United States",55470,"Home Office",NULL
621,100620,Rory,Sambrok,Duddell,Chico,California,"United States",95973,Corporate,NULL
622,100621,Kingsly,Agates,Bartolomeazzi,Roanoke,Virginia,"United States",24004,Corporate,1
623,100622,Basilio,Itzcovichch,Voase,"Boca Raton",Florida,"United States",33432,Consumer,NULL
624,100623,Kathye,Schreiner,Carette,Memphis,Tennessee,"United States",38114,Corporate,NULL
625,100624,Chic,Chadbourne,Rubel,Rockville,Maryland,"United States",20851,Consumer,4
626,100625,Asia,Seeler,O'Neal,"El Paso",Texas,"United States",79950,Corporate,NULL
627,100626,Kelby,Clampett,Domengue,Nashville,Tennessee,"United States",37215,"Home Office",3
628,100627,Pat,Duggen,Benedit,Minneapolis,Minnesota,"United States",55428,Corporate,NULL
629,100628,Anne,Giotto,Cheyne,Charleston,"West Virginia","United States",25389,Corporate,NULL
630,100629,Tait,Barwis,Philipson,Duluth,Georgia,"United States",30195,Corporate,4
631,100630,Sigfrid,Hayhow,McGuirk,Lansing,Michigan,"United States",48956,Consumer,3
632,100631,Sutherland,Greaves,Wolstencroft,Reno,Nevada,"United States",89519,"Home Office",2
633,100632,Tommy,Napier,Stendall,Chicago,Illinois,"United States",60641,Consumer,NULL
634,100633,Meier,Keizman,McIlenna,"Little Rock",Arkansas,"United States",72215,Corporate,NULL
635,100634,Darleen,Cosby,Crossley,Pueblo,Colorado,"United States",81005,Consumer,NULL
636,100635,Travers,Oldman,Smitheman,Miami,Florida,"United States",33185,Corporate,NULL
637,100636,Romain,Jearum,Newland,Amarillo,Texas,"United States",79105,Consumer,3
638,100637,Lulita,Train,Farnill,Independence,Missouri,"United States",64054,Corporate,NULL
639,100638,Aridatha,Worvill,Luter,Boise,Idaho,"United States",83711,"Home Office",NULL
640,100639,Lyon,Posselow,Luty,Roanoke,Virginia,"United States",24024,"Home Office",NULL
641,100640,Elston,Ortes,Chaffer,"Jefferson City",Missouri,"United States",65105,"Home Office",NULL
642,100641,Otes,Witty,Rolland,Washington,"District of Columbia","United States",20436,Consumer,1
643,100642,Werner,Mixer,Shivell,"Las Vegas",Nevada,"United States",89178,Consumer,NULL
644,100643,Agace,Corderoy,Insall,Abilene,Texas,"United States",79605,"Home Office",NULL
645,100644,Alberik,Larder,Lyptratt,"Saint Petersburg",Florida,"United States",33737,Consumer,NULL
646,100645,Ferdinande,Brook,Conningham,Bronx,"New York","United States",10454,"Home Office",NULL
647,100646,Glenden,Bogies,Heinrich,"Saint Louis",Missouri,"United States",63169,"Home Office",NULL
648,100647,Flo,Locksley,Ledward,"Grand Forks","North Dakota","United States",58207,Consumer,NULL
649,100648,Konstantine,Northidge,Darracott,"Los Angeles",California,"United States",90010,Corporate,NULL
650,100649,Cindra,Lasselle,Bramley,"New York City","New York","United States",10105,Corporate,NULL
651,100650,Valida,Kevlin,Keeton,Durham,"North Carolina","United States",27705,Corporate,NULL
652,100651,Fernanda,Ropars,Sheron,Tulsa,Oklahoma,"United States",74126,Corporate,NULL
653,100652,Abrahan,Streets,Trench,Springfield,Illinois,"United States",62776,Corporate,3
654,100653,Berky,Tate,Iskower,"Palm Bay",Florida,"United States",32909,Consumer,NULL
655,100654,Trixy,Elgy,Slegg,Dayton,Ohio,"United States",45470,Corporate,NULL
656,100655,Marnia,MacRonald,Bohlsen,Louisville,Kentucky,"United States",40210,Consumer,NULL
657,100656,Alexandra,Stanney,Fedoronko,Chicago,Illinois,"United States",60697,"Home Office",NULL
658,100657,Emmaline,Westney,Dalyiel,Newark,Delaware,"United States",19714,Corporate,NULL
659,100658,Georgetta,Boldock,Rzehorz,Cincinnati,Ohio,"United States",45999,Consumer,NULL
660,100659,Lesya,"de Chastelain",Rosevear,"Fort Worth",Texas,"United States",76110,"Home Office",2
661,100660,Charlena,Eborall,Cuchey,Lakeland,Florida,"United States",33811,Corporate,NULL
662,100661,Vasily,Meadows,Hellen,"New Orleans",Louisiana,"United States",70129,Corporate,NULL
663,100662,Cesaro,Howes,Aylmer,Lexington,Kentucky,"United States",40510,Consumer,NULL
664,100663,Kari,Storrs,"De Domenicis",Miami,Florida,"United States",33261,"Home Office",NULL
665,100664,Donnamarie,Brimner,Mauchlen,Boston,Massachusetts,"United States",2208,"Home Office",NULL
666,100665,Pepillo,Cradduck,Heeley,"Kansas City",Missouri,"United States",64136,Consumer,NULL
667,100666,Benedetta,Dunsmuir,Riddington,Hyattsville,Maryland,"United States",20784,Corporate,NULL
668,100667,Briny,Inch,Duinkerk,Memphis,Tennessee,"United States",38197,"Home Office",4
669,100668,Gerry,Cobbald,Newbegin,Knoxville,Tennessee,"United States",37939,Consumer,NULL
670,100669,Shelley,McClarence,Stollman,Wichita,Kansas,"United States",67220,Consumer,5
671,100670,Sayers,Wale,Cole,"Baton Rouge",Louisiana,"United States",70820,Consumer,NULL
672,100671,Carroll,Dumbleton,Macias,Washington,"District of Columbia","United States",20244,Corporate,NULL
673,100672,Libbie,Sackett,Abdon,"Baton Rouge",Louisiana,"United States",70894,"Home Office",NULL
674,100673,Cecily,Goatman,Nare,Houston,Texas,"United States",77070,Corporate,NULL
675,100674,Gay,Andrieu,Peealess,Portland,Oregon,"United States",97286,Corporate,NULL
676,100675,Hermie,Jay,Krysztofowicz,"Saint Paul",Minnesota,"United States",55108,Consumer,NULL
677,100676,Agretha,Bryden,Surby,Peoria,Illinois,"United States",61635,Consumer,NULL
678,100677,Sven,Bockler,Kleinhandler,Gatesville,Texas,"United States",76598,Consumer,5
679,100678,Joelle,Filinkov,Ortzen,Tyler,Texas,"United States",75710,Consumer,NULL
680,100679,Beale,Agutter,Allicock,Cleveland,Ohio,"United States",44177,"Home Office",NULL
681,100680,Scottie,D'Adda,Hexter,Topeka,Kansas,"United States",66699,Consumer,NULL
682,100681,Kendrick,Coverley,Ruos,Bradenton,Florida,"United States",34210,Consumer,NULL
683,100682,Ernst,Lumley,Foat,"Port Charlotte",Florida,"United States",33954,Corporate,NULL
684,100683,Nicolais,Gerok,Baline,Fresno,California,"United States",93778,Corporate,NULL
685,100684,Janeta,Camous,McSorley,"Young America",Minnesota,"United States",55557,Consumer,NULL
686,100685,Lazaro,Joiner,Waiton,Lexington,Kentucky,"United States",40515,Consumer,NULL
687,100686,Wain,Scantleberry,McMorland,Washington,"District of Columbia","United States",20010,"Home Office",NULL
688,100687,Cortney,Kennagh,Sage,Boston,Massachusetts,"United States",2283,Corporate,NULL
689,100688,Stacia,Lodeke,Beatens,"New York City","New York","United States",10045,Corporate,NULL
690,100689,Sharity,Branson,Kelloch,Springfield,Massachusetts,"United States",1129,"Home Office",NULL
691,100690,Biddie,Arnoll,Carlow,Tallahassee,Florida,"United States",32399,Corporate,NULL
692,100691,Christie,Rosenau,Denisevich,Baltimore,Maryland,"United States",21281,"Home Office",4
693,100692,Gerianna,Chancellor,Olech,Bakersfield,California,"United States",93386,"Home Office",NULL
694,100693,Andris,Dowry,Pesak,Milwaukee,Wisconsin,"United States",53225,"Home Office",NULL
695,100694,Ethelind,Reisenberg,Shiril,Sacramento,California,"United States",95865,Corporate,NULL
696,100695,Lani,Cosins,Silverthorn,Oakland,California,"United States",94611,"Home Office",NULL
697,100696,Flor,Caudray,Tongs,Huntsville,Alabama,"United States",35815,Corporate,3
698,100697,Junette,Botfield,Fairlam,Louisville,Kentucky,"United States",40287,"Home Office",NULL
699,100698,Alric,Casserly,Canny,Tuscaloosa,Alabama,"United States",35405,"Home Office",1
700,100699,Aldus,Edelston,Ondrusek,Jackson,Mississippi,"United States",39204,Corporate,NULL
701,100700,Vicky,Newborn,MacLennan,Aiken,"South Carolina","United States",29805,Consumer,1
702,100701,Hestia,Ness,Wharby,"North Little Rock",Arkansas,"United States",72118,Consumer,1
703,100702,Lizzy,Behninck,Greber,"San Jose",California,"United States",95113,Consumer,NULL
704,100703,Kellby,Benninger,Franses,Clearwater,Florida,"United States",33758,"Home Office",NULL
705,100704,Noah,Niece,Loads,Springfield,Missouri,"United States",65810,Corporate,NULL
706,100705,Barney,Riddles,Gingle,Minneapolis,Minnesota,"United States",55407,"Home Office",NULL
707,100706,Darlleen,Othen,Steeden,Lansing,Michigan,"United States",48956,Consumer,NULL
708,100707,Godfry,Tatem,Barta,Cheyenne,Wyoming,"United States",82007,Corporate,NULL
709,100708,Dorie,Bernasek,Treasaden,Oakland,California,"United States",94616,Corporate,NULL
710,100709,Jonell,cornhill,Farrin,Tampa,Florida,"United States",33633,"Home Office",NULL
711,100710,Debbie,Tiley,Arguile,Newton,Massachusetts,"United States",2162,Corporate,NULL
712,100711,Carmelita,Lothlorien,Tertre,"Colorado Springs",Colorado,"United States",80930,Consumer,NULL
713,100712,Nial,Giacomasso,Tease,Chicago,Illinois,"United States",60630,Corporate,NULL
714,100713,Tish,Maudling,Glencros,Monroe,Louisiana,"United States",71208,Corporate,NULL
715,100714,Orran,Nozzolii,Wentworth,Fargo,"North Dakota","United States",58106,Corporate,NULL
716,100715,Batsheva,Timmens,Bulford,Juneau,Alaska,"United States",99812,Corporate,NULL
717,100716,Danita,Doward,Brickett,"Salt Lake City",Utah,"United States",84130,"Home Office",NULL
718,100717,Mordy,Starkey,Canto,Portsmouth,"New Hampshire","United States",214,Corporate,NULL
719,100718,Dorelle,Landsberg,Sodeau,Bloomington,Indiana,"United States",47405,Corporate,NULL
720,100719,Hyacinthie,Ismirnioglou,Meininking,Newark,"New Jersey","United States",7195,Corporate,1
721,100720,Madeleine,Harnott,Chastanet,Anchorage,Alaska,"United States",99599,"Home Office",NULL
722,100721,Lian,Adicot,Bernardot,Dallas,Texas,"United States",75372,Consumer,4
723,100722,Blake,Walasik,Edgerley,Tuscaloosa,Alabama,"United States",35405,Corporate,2
724,100723,Bradly,Chislett,Jeffcoate,Johnstown,Pennsylvania,"United States",15906,"Home Office",NULL
725,100724,Tull,Northage,Bachelar,Cincinnati,Ohio,"United States",45296,Consumer,2
726,100725,Dedie,Fearneley,Coxen,"Kansas City",Missouri,"United States",64179,Corporate,NULL
727,100726,Felicle,Kenward,Wiltshaw,Decatur,Georgia,"United States",30089,"Home Office",NULL
728,100727,Llywellyn,Blethin,Hrinchenko,Charlotte,"North Carolina","United States",28278,Corporate,NULL
729,100728,Sasha,Scarborough,Avraham,"New York City","New York","United States",10110,"Home Office",NULL
730,100729,Geraldine,Zaple,Ludy,Jacksonville,Florida,"United States",32259,"Home Office",NULL
731,100730,Mitchael,Goodson,Peltz,Shreveport,Louisiana,"United States",71137,"Home Office",NULL
732,100731,Meagan,Ecclesall,Kinnach,"Saint Petersburg",Florida,"United States",33705,"Home Office",NULL
733,100732,Oralie,Buxton,Handrock,Cincinnati,Ohio,"United States",45223,"Home Office",NULL
734,100733,Osmund,Roark,Hardisty,"Sioux Falls","South Dakota","United States",57188,Corporate,2
735,100734,Melli,Dielhenn,Scruton,Dallas,Texas,"United States",75251,"Home Office",NULL
736,100735,Lida,Wealthall,McGairl,Gary,Indiana,"United States",46406,Corporate,NULL
737,100736,Sophey,Stormes,MacAindreis,Peoria,Illinois,"United States",61640,Consumer,NULL
738,100737,Chad,Albertson,Beckinsale,Miami,Florida,"United States",33175,Corporate,5
739,100738,Dorella,Aronowicz,Paszek,"New York City","New York","United States",10170,Consumer,2
740,100739,Trumann,Mee,Petran,Texarkana,Texas,"United States",75507,Corporate,2
741,100740,Quincy,Kliemke,Camock,Inglewood,California,"United States",90305,Consumer,NULL
742,100741,Kaleb,Petow,Pendred,Dallas,Texas,"United States",75392,"Home Office",5
743,100742,Thedrick,Morais,Heppenspall,Jackson,Mississippi,"United States",39236,Corporate,NULL
744,100743,Kerri,Hayzer,Huckerby,"Sioux Falls","South Dakota","United States",57198,Corporate,NULL
745,100744,Oliviero,Gant,Faulds,Inglewood,California,"United States",90398,"Home Office",NULL
746,100745,Dorita,Ubank,Andriveaux,Atlanta,Georgia,"United States",30358,Consumer,NULL
747,100746,Garik,Tosdevin,Owenson,Aurora,Illinois,"United States",60505,Consumer,3
748,100747,Hedda,Franca,Joannidi,Roanoke,Virginia,"United States",24029,"Home Office",3
749,100748,Honoria,Casaletto,Orrow,"Saint Paul",Minnesota,"United States",55146,Corporate,NULL
750,100749,Reyna,Savatier,Crockett,Lexington,Kentucky,"United States",40576,"Home Office",NULL
751,100750,Stanley,Powland,Jelkes,Raleigh,"North Carolina","United States",27621,Corporate,1
752,100751,Brad,Fishburn,Cantrill,Wilmington,Delaware,"United States",19897,Corporate,NULL
753,100752,Jere,Twiname,Swafford,Roanoke,Virginia,"United States",24014,"Home Office",NULL
754,100753,Dame,Bhar,Dufore,Atlanta,Georgia,"United States",31106,"Home Office",5
755,100754,Thomasin,Spurgeon,Bernier,"Van Nuys",California,"United States",91411,Consumer,NULL
756,100755,Myer,Grewer,Corradi,Portland,Oregon,"United States",97240,"Home Office",4
757,100756,Fredia,Steer,Peplay,"San Angelo",Texas,"United States",76905,Corporate,NULL
758,100757,Samara,Allaker,Huntingdon,Marietta,Georgia,"United States",30066,Consumer,NULL
759,100758,Hiram,Dran,Blencowe,"Kansas City",Missouri,"United States",64109,"Home Office",NULL
760,100759,Gan,Giovanazzi,Peyto,Peoria,Illinois,"United States",61640,Consumer,NULL
761,100760,Bette-ann,Kivelhan,Blakden,Charlotte,"North Carolina","United States",28284,Consumer,NULL
762,100761,Hervey,Gorstidge,Skarin,Indianapolis,Indiana,"United States",46231,"Home Office",NULL
763,100762,Bernhard,Leghorn,Ingram,"El Paso",Texas,"United States",88530,"Home Office",NULL
764,100763,Feliza,Lodford,MacAree,"Delray Beach",Florida,"United States",33448,"Home Office",NULL
765,100764,Gypsy,Noddle,Wyeld,Atlanta,Georgia,"United States",31196,Corporate,1
766,100765,Cybill,Whanstall,Gow,"Winston Salem","North Carolina","United States",27110,Consumer,NULL
767,100766,Haywood,Avrahm,Dursley,Norcross,Georgia,"United States",30092,Consumer,NULL
768,100767,Allard,Chidwick,Gelderd,Dallas,Texas,"United States",75397,Consumer,3
769,100768,Mattias,Ettritch,Ketchen,"South Bend",Indiana,"United States",46614,Corporate,NULL
770,100769,Pet,Tapley,Vicarey,Washington,"District of Columbia","United States",20078,"Home Office",NULL
771,100770,Trina,Szymanski,Walmsley,Dallas,Texas,"United States",75246,Consumer,4
772,100771,Rosalinde,Tilbrook,Wasmer,Woburn,Massachusetts,"United States",1813,Consumer,NULL
773,100772,Arne,Shere,Sivorn,Youngstown,Ohio,"United States",44505,Consumer,NULL
774,100773,Carin,Turvie,Bodle,Albany,"New York","United States",12247,Consumer,NULL
775,100774,Jenilee,Newnham,Lilley,Albany,Georgia,"United States",31704,Consumer,NULL
776,100775,Ilario,Formigli,Kelway,"Newport Beach",California,"United States",92662,Consumer,NULL
777,100776,Elfreda,Troyes,Ewdale,Philadelphia,Pennsylvania,"United States",19109,Corporate,NULL
778,100777,Reg,Glashby,Macer,Norwalk,Connecticut,"United States",6859,Consumer,4
779,100778,Cello,Terren,Goadsby,"Corpus Christi",Texas,"United States",78470,"Home Office",NULL
780,100779,Bernette,Brotheridge,Pinnick,"Van Nuys",California,"United States",91411,Consumer,NULL
781,100780,Peggi,Drinkhill,Faherty,"New York City","New York","United States",10014,Consumer,NULL
782,100781,Josepha,Danielczyk,Indge,Schenectady,"New York","United States",12305,Corporate,NULL
783,100782,Michel,O'Cassidy,Count,"Fort Smith",Arkansas,"United States",72905,"Home Office",NULL
784,100783,Sephira,Lyster,Farrants,Spring,Texas,"United States",77386,Corporate,NULL
785,100784,Aloisia,Craster,Stovin,Eugene,Oregon,"United States",97405,Consumer,NULL
786,100785,Roderigo,Basketter,Worssam,Milwaukee,Wisconsin,"United States",53263,Corporate,NULL
787,100786,Orv,Fayter,Waything,"Falls Church",Virginia,"United States",22047,Corporate,NULL
788,100787,Geno,Pickup,Stephens,Hartford,Connecticut,"United States",6105,"Home Office",NULL
789,100788,Harrison,Shakeshaft,Witherden,Austin,Texas,"United States",78726,Corporate,NULL
790,100789,Alene,Corderoy,Caulier,Chicago,Illinois,"United States",60669,Corporate,NULL
791,100790,Bax,Pohling,Clewarth,"Fort Wayne",Indiana,"United States",46867,Consumer,NULL
792,100791,Killy,Showalter,Jinkin,Atlanta,Georgia,"United States",30392,"Home Office",NULL
793,100792,Sarah,Normanton,Sissons,Knoxville,Tennessee,"United States",37931,"Home Office",1
794,100793,Guthrey,Nurdin,Schutter,"Hot Springs National Park",Arkansas,"United States",71914,Corporate,NULL
795,100794,Jennette,Smitheram,Futcher,"South Bend",Indiana,"United States",46634,Corporate,NULL
796,100795,Gasparo,Awmack,Impleton,Hartford,Connecticut,"United States",6120,Corporate,1
797,100796,Hermine,Andreichik,Traice,Fargo,"North Dakota","United States",58106,Consumer,3
798,100797,Atalanta,Kenwood,Jeffryes,Washington,"District of Columbia","United States",20220,Corporate,4
799,100798,Gare,Pipping,Hundey,Manchester,"New Hampshire","United States",3105,Corporate,5
800,100799,Bernice,Cobbald,Shenton,Springfield,Missouri,"United States",65805,"Home Office",NULL
801,100800,Mayor,Brogan,Hairon,Indianapolis,Indiana,"United States",46221,Corporate,NULL
802,100801,Amata,Depper,Faulkner,"Winston Salem","North Carolina","United States",27116,"Home Office",NULL
803,100802,Janith,Dovidaitis,Rayworth,"Saint Paul",Minnesota,"United States",55123,Corporate,4
804,100803,Finn,Genny,Hackforth,"Fort Wayne",Indiana,"United States",46867,Consumer,NULL
805,100804,Carny,Harder,Schindler,"New York City","New York","United States",10249,"Home Office",NULL
806,100805,Dulcinea,Skains,Decker,Spokane,Washington,"United States",99252,Consumer,NULL
807,100806,Carey,Flear,Giacomelli,Milwaukee,Wisconsin,"United States",53234,Consumer,NULL
808,100807,Mary,Andrivot,Balls,Seattle,Washington,"United States",98166,Corporate,NULL
809,100808,Darda,Cowpe,D'Ambrogio,Pasadena,California,"United States",91199,Corporate,NULL
810,100809,Olva,Yetman,Neesam,Denver,Colorado,"United States",80255,Consumer,NULL
811,100810,Trudi,Lowth,Santacrole,Hayward,California,"United States",94544,Consumer,NULL
812,100811,Lauree,Costell,Middleditch,Anchorage,Alaska,"United States",99517,Corporate,4
813,100812,Lauree,Paffitt,People,Evansville,Indiana,"United States",47712,Consumer,NULL
814,100813,Darci,Livesey,O'Lochan,Miami,Florida,"United States",33153,"Home Office",NULL
815,100814,Denise,Westrey,Lingley,Chesapeake,Virginia,"United States",23324,Corporate,NULL
816,100815,Amye,Gissing,Grafton,Boise,Idaho,"United States",83757,"Home Office",4
817,100816,Glad,Wintle,MacEntee,"San Antonio",Texas,"United States",78296,Consumer,2
818,100817,Rorke,Rivelin,Litel,Atlanta,Georgia,"United States",30343,"Home Office",NULL
819,100818,Gail,Leabeater,Anthiftle,Fresno,California,"United States",93715,"Home Office",NULL
820,100819,Muire,Petric,Gemlett,Dayton,Ohio,"United States",45440,"Home Office",NULL
821,100820,Faber,Gilley,Skirling,Mobile,Alabama,"United States",36605,Consumer,NULL
822,100821,Arlana,Winkell,Greenley,Detroit,Michigan,"United States",48224,"Home Office",NULL
823,100822,Kendricks,Heyworth,Frankling,Denver,Colorado,"United States",80223,Consumer,5
824,100823,Jade,Bakster,Batchelar,Memphis,Tennessee,"United States",38136,"Home Office",4
825,100824,Tore,Fer,Plose,Memphis,Tennessee,"United States",38143,Corporate,1
826,100825,Margareta,Saines,Overlow,"San Antonio",Texas,"United States",78296,Corporate,3
827,100826,Uriah,Perkis,Blay,Seattle,Washington,"United States",98195,Corporate,NULL
828,100827,Darrell,Lutty,Pfaffel,Sacramento,California,"United States",95823,Consumer,NULL
829,100828,Coletta,Glasbey,Ofer,Cincinnati,Ohio,"United States",45249,Consumer,NULL
830,100829,Chad,Gantzman,McOrkill,Glendale,California,"United States",91210,Consumer,NULL
831,100830,Lionel,Cannicott,Scriviner,Phoenix,Arizona,"United States",85045,Consumer,NULL
832,100831,Ab,Mapston,Gavigan,Springfield,Illinois,"United States",62776,Corporate,NULL
833,100832,Patrizius,Skep,Defrain,Birmingham,Alabama,"United States",35231,Consumer,NULL
834,100833,Rubia,Casina,Grise,Peoria,Illinois,"United States",61629,Corporate,2
835,100834,Alessandra,Andrysek,Tunnock,Dallas,Texas,"United States",75379,Consumer,1
836,100835,Candy,Hughman,Cartlidge,Irvine,California,"United States",92612,Corporate,NULL
837,100836,Corie,Fidge,Rivenzon,Indianapolis,Indiana,"United States",46231,Consumer,1
838,100837,Tommie,Allard,People,"San Diego",California,"United States",92153,Consumer,NULL
839,100838,Evy,Arnke,Twist,Atlanta,Georgia,"United States",30368,Consumer,4
840,100839,Opalina,Mote,Cavendish,Beaumont,Texas,"United States",77713,Corporate,NULL
841,100840,Rozina,Chazerand,Spuffard,Huntington,"West Virginia","United States",25726,Corporate,NULL
842,100841,George,Zorzini,Harriott,Conroe,Texas,"United States",77305,Corporate,NULL
843,100842,Edin,Lumly,Mertgen,Waterbury,Connecticut,"United States",6721,Corporate,5
844,100843,Susie,Betjeman,Allone,Chicago,Illinois,"United States",60624,Consumer,NULL
845,100844,Hanan,Digginson,Cantle,Spokane,Washington,"United States",99205,"Home Office",NULL
846,100845,Grove,Joselovitch,Dencs,Lansing,Michigan,"United States",48901,Corporate,NULL
847,100846,Hermione,Hildred,Harryman,Washington,"District of Columbia","United States",20591,Consumer,NULL
848,100847,Baxy,Steinson,Brim,Cincinnati,Ohio,"United States",45264,Corporate,NULL
849,100848,Shelley,Domone,Norvell,Washington,"District of Columbia","United States",20244,Consumer,NULL
850,100849,Martina,"Van Salzberger",Lace,"New York City","New York","United States",10105,"Home Office",3
851,100850,Kellyann,Parramore,Peeke-Vout,Cincinnati,Ohio,"United States",45999,Consumer,NULL
852,100851,Teddie,McHan,Fragino,Bethlehem,Pennsylvania,"United States",18018,Consumer,1
853,100852,Aldon,Cawkill,Cory,"Long Beach",California,"United States",90831,Corporate,NULL
854,100853,Trevor,Chetwynd,"De La Salle",Charlotte,"North Carolina","United States",28225,Consumer,4
855,100854,Bobby,Pedley,Simony,Sacramento,California,"United States",95823,Corporate,2
856,100855,Dick,Benesevich,Walworth,"New Haven",Connecticut,"United States",6510,Corporate,NULL
857,100856,Jammie,Savage,"de Bullion",Orlando,Florida,"United States",32808,"Home Office",NULL
858,100857,Helli,Studeart,Garman,Albuquerque,"New Mexico","United States",87105,"Home Office",NULL
859,100858,Doralia,LeEstut,Slight,Minneapolis,Minnesota,"United States",55487,Corporate,NULL
860,100859,Paton,Hain,Featherbie,"Colorado Springs",Colorado,"United States",80920,"Home Office",3
861,100860,Nataniel,Motton,Sharpley,"New York City","New York","United States",10125,Corporate,NULL
862,100861,Hendrika,Attenbrough,Legrave,"Kansas City",Kansas,"United States",66112,Consumer,NULL
863,100862,Deana,Alleyne,Butfield,Pueblo,Colorado,"United States",81015,Consumer,NULL
864,100863,Brigg,Melhuish,L'oiseau,"North Little Rock",Arkansas,"United States",72118,Consumer,NULL
865,100864,Francoise,Walkington,Baldock,Columbus,Ohio,"United States",43204,Consumer,4
866,100865,Foster,Pemberton,Kaplan,"Oklahoma City",Oklahoma,"United States",73124,Corporate,NULL
867,100866,Shurwood,Tidmarsh,Klempke,Sacramento,California,"United States",95818,Corporate,NULL
868,100867,Vincenty,MacKessock,Cafferky,Albany,"New York","United States",12222,Corporate,NULL
869,100868,Ario,Hawtin,Breache,Portland,Oregon,"United States",97232,Consumer,3
870,100869,Lamont,Tomlins,Thundercliffe,Minneapolis,Minnesota,"United States",55458,Corporate,NULL
871,100870,Jedediah,Pethybridge,Ferrea,Tucson,Arizona,"United States",85710,Consumer,NULL
872,100871,Obie,Seal,Feltham,"Pinellas Park",Florida,"United States",34665,Corporate,NULL
873,100872,Cherianne,Frede,Ruslin,Stockton,California,"United States",95298,"Home Office",NULL
874,100873,Helen-elizabeth,Itscovitz,Harman,"Las Vegas",Nevada,"United States",89135,"Home Office",2
875,100874,Sigismund,Harry,Demann,Austin,Texas,"United States",78732,"Home Office",NULL
876,100875,Vilhelmina,Padmore,O'Corrigane,Miami,Florida,"United States",33196,"Home Office",NULL
877,100876,Garreth,Leys,Bachshell,Milwaukee,Wisconsin,"United States",53277,Corporate,NULL
878,100877,Zebadiah,Petracco,Gummoe,"Young America",Minnesota,"United States",55557,"Home Office",NULL
879,100878,Konrad,Della,Mettrick,Orlando,Florida,"United States",32813,Consumer,NULL
880,100879,Johnathan,Antognazzi,Burthom,Naples,Florida,"United States",34108,Corporate,NULL
881,100880,Lou,Jamary,Orred,Washington,"District of Columbia","United States",20503,Consumer,NULL
882,100881,Phillip,Oldcote,Calbreath,Miami,Florida,"United States",33153,Corporate,NULL
883,100882,Rodi,Chamberlen,Ronaghan,"New Hyde Park","New York","United States",11044,Consumer,3
884,100883,Rafaellle,Reihill,Linklater,"Miami Beach",Florida,"United States",33141,"Home Office",3
885,100884,Phaedra,Wavish,Gibbieson,"Fort Wayne",Indiana,"United States",46867,"Home Office",5
886,100885,Wiley,"Dell Casa",Godfroy,"Shawnee Mission",Kansas,"United States",66286,"Home Office",NULL
887,100886,Alessandro,Billyard,Caldicott,Milwaukee,Wisconsin,"United States",53234,Corporate,1
888,100887,Corly,McLucky,Johnsey,Bronx,"New York","United States",10464,Consumer,NULL
889,100888,Mitchael,Blaszczynski,Joselevitch,Tampa,Florida,"United States",33633,"Home Office",4
890,100889,Desiree,Osmon,Stephenson,"Shawnee Mission",Kansas,"United States",66225,"Home Office",5
891,100890,Andree,Fretson,"Do Rosario",Richmond,Virginia,"United States",23228,Corporate,NULL
892,100891,Esdras,Hardaker,Frudd,"Port Washington","New York","United States",11054,Corporate,NULL
893,100892,Vance,Giron,Kerrey,Houston,Texas,"United States",77293,"Home Office",NULL
894,100893,Rice,Smales,Neil,Modesto,California,"United States",95354,"Home Office",5
895,100894,Archie,Sommerlie,Sills,Bethesda,Maryland,"United States",20816,Consumer,NULL
896,100895,Noland,Ruoff,Sargeaunt,Lincoln,Nebraska,"United States",68531,Consumer,NULL
897,100896,Romeo,Busk,Rhoades,"Fort Worth",Texas,"United States",76198,"Home Office",NULL
898,100897,Tedman,Reeveley,Peete,"Saint Cloud",Minnesota,"United States",56372,Consumer,NULL
899,100898,Allissa,Rarity,Lobell,Wichita,Kansas,"United States",67230,Corporate,NULL
900,100899,Merl,Lenoir,Joron,Cleveland,Ohio,"United States",44125,"Home Office",NULL
901,100900,Tabbatha,Dight,Vaskov,Tyler,Texas,"United States",75710,Consumer,NULL
902,100901,Allister,Rosenthaler,Newvell,Washington,"District of Columbia","United States",20557,Corporate,NULL
903,100902,Theodora,Tryhorn,Marmion,Gadsden,Alabama,"United States",35905,"Home Office",NULL
904,100903,Ros,Jaeggi,Barnewell,Orlando,Florida,"United States",32868,Consumer,NULL
905,100904,Lynnett,Morcom,Arguile,"Fort Wayne",Indiana,"United States",46814,Corporate,3
906,100905,Elka,Antoney,Franckton,Tallahassee,Florida,"United States",32309,Consumer,NULL
907,100906,Guglielma,Greer,Dobinson,"El Paso",Texas,"United States",88553,"Home Office",NULL
908,100907,Katee,Beven,Grigor,Boston,Massachusetts,"United States",2109,Corporate,NULL
909,100908,Elene,Cope,Galtone,Irvine,California,"United States",92710,Consumer,3
910,100909,Andrei,Cowans,Jovanovic,Atlanta,Georgia,"United States",30358,Corporate,NULL
911,100910,Dorothee,Boughtwood,Jaegar,Tampa,Florida,"United States",33673,"Home Office",1
912,100911,Tori,Drake,Pauleau,Portsmouth,Virginia,"United States",23705,"Home Office",4
913,100912,Heather,Stronghill,McGowran,"Daytona Beach",Florida,"United States",32123,Consumer,NULL
914,100913,Lynnette,Woolner,Draysey,Tacoma,Washington,"United States",98424,Corporate,1
915,100914,Timi,Hoffner,Muddle,"San Francisco",California,"United States",94110,Corporate,NULL
916,100915,Kit,Isted,Ivetts,Fairfield,Connecticut,"United States",6825,Corporate,NULL
917,100916,Sharlene,Wadesworth,Piddlesden,Austin,Texas,"United States",78754,"Home Office",NULL
918,100917,Patten,Mudd,Lloyds,Hayward,California,"United States",94544,"Home Office",3
919,100918,Pedro,Dunlap,Daltrey,Omaha,Nebraska,"United States",68144,Consumer,NULL
920,100919,Gill,Braunton,Phelipeaux,Shreveport,Louisiana,"United States",71130,Consumer,NULL
921,100920,Agata,Woolston,Satteford,Cleveland,Ohio,"United States",44197,Consumer,5
922,100921,Padriac,Schreurs,Sugg,Detroit,Michigan,"United States",48267,"Home Office",NULL
923,100922,Rosmunda,Walkley,Minchenton,Gilbert,Arizona,"United States",85297,Corporate,NULL
924,100923,Padgett,Steade,O'Curran,"Las Vegas",Nevada,"United States",89150,Corporate,NULL
925,100924,Stanleigh,Mouton,Wintringham,Murfreesboro,Tennessee,"United States",37131,Consumer,2
926,100925,Marie-ann,McGrayle,Poyle,Cleveland,Ohio,"United States",44185,"Home Office",NULL
927,100926,Lilias,Weare,Sevier,Knoxville,Tennessee,"United States",37939,"Home Office",4
928,100927,Aurelea,Bleasdille,Hubbuck,"El Paso",Texas,"United States",79940,Consumer,NULL
929,100928,Adam,Dawbery,Playle,Orlando,Florida,"United States",32825,"Home Office",NULL
930,100929,Corabel,Flement,Layburn,Cleveland,Ohio,"United States",44191,"Home Office",NULL
931,100930,Dolly,Sotworth,Szach,"Terre Haute",Indiana,"United States",47812,Corporate,NULL
932,100931,Jeffry,Glisane,Favell,"Battle Creek",Michigan,"United States",49018,Consumer,NULL
933,100932,Winifred,Freshwater,Seligson,Clearwater,Florida,"United States",33758,Corporate,5
934,100933,Sheff,Alfonsetti,Vreede,Boulder,Colorado,"United States",80305,Corporate,NULL
935,100934,Richmond,Menere,Seage,Charlotte,"North Carolina","United States",28263,"Home Office",NULL
936,100935,Arabela,Phillps,Durran,Washington,"District of Columbia","United States",20409,Corporate,5
937,100936,Willdon,Sweet,Allnatt,Indianapolis,Indiana,"United States",46231,"Home Office",NULL
938,100937,Tommie,Howsego,Ebdon,"San Jose",California,"United States",95128,Corporate,NULL
939,100938,Coreen,Amiable,Knibley,Birmingham,Alabama,"United States",35254,"Home Office",2
940,100939,Sharity,Barnshaw,Zorzoni,Washington,"District of Columbia","United States",20337,Consumer,NULL
941,100940,Nessie,Sanbrook,Benjefield,Boston,Massachusetts,"United States",2203,Corporate,NULL
942,100941,Merrile,Tedorenko,Deniset,"Oklahoma City",Oklahoma,"United States",73142,Consumer,NULL
943,100942,Roderich,Goodge,Aneley,Orlando,Florida,"United States",32825,Consumer,NULL
944,100943,Sallyanne,Ravenscroftt,Cheston,Chattanooga,Tennessee,"United States",37416,Consumer,3
945,100944,Millard,Reveland,Craw,Trenton,"New Jersey","United States",8608,Consumer,4
946,100945,Georgi,Tinman,Meynell,Birmingham,Alabama,"United States",35263,Corporate,NULL
947,100946,Byron,Tudor,Mountjoy,"New Bedford",Massachusetts,"United States",2745,"Home Office",3
948,100947,Eddi,Pickersail,Wyman,Houston,Texas,"United States",77030,"Home Office",2
949,100948,Jean,Sussams,Wooles,Albany,"New York","United States",12222,"Home Office",NULL
950,100949,Loree,Cowlin,Hains,"Des Moines",Iowa,"United States",50347,Consumer,NULL
951,100950,Allie,Gusney,Yukhin,"Santa Rosa",California,"United States",95405,Consumer,1
952,100951,Waldo,Stitfall,Bevis,Tucson,Arizona,"United States",85715,Corporate,NULL
953,100952,Saxon,Dews,Macoun,Crawfordsville,Indiana,"United States",47937,Corporate,NULL
954,100953,Micki,Whitney,Franchi,Augusta,Georgia,"United States",30911,Corporate,NULL
955,100954,Tyrus,Ends,Winchcum,Atlanta,Georgia,"United States",30380,Consumer,NULL
956,100955,Shelly,Ricker,Hamel,"Oklahoma City",Oklahoma,"United States",73157,Corporate,NULL
957,100956,Ailbert,Darrington,Mion,Miami,Florida,"United States",33111,"Home Office",NULL
958,100957,Derrick,Rubinek,Bondley,Waterloo,Iowa,"United States",50706,"Home Office",4
959,100958,Lazare,Twiddle,Segrott,Springfield,Illinois,"United States",62723,Corporate,NULL
960,100959,Udall,Martini,Plowman,Utica,"New York","United States",13505,Consumer,NULL
961,100960,Kimbra,Brosel,Seifert,"San Francisco",California,"United States",94169,Corporate,NULL
962,100961,Aura,Treadaway,Gulberg,Providence,"Rhode Island","United States",2912,Corporate,NULL
963,100962,Crawford,Flatt,Culcheth,Gary,Indiana,"United States",46406,Consumer,NULL
964,100963,Sherrie,Ferrini,Carthew,Stamford,Connecticut,"United States",6912,"Home Office",4
965,100964,Bette,Berfoot,Covendon,Southfield,Michigan,"United States",48076,Corporate,NULL
966,100965,Erica,Babin,Duigenan,Pittsburgh,Pennsylvania,"United States",15286,Consumer,NULL
967,100966,Hershel,Geeraert,Abela,Anaheim,California,"United States",92812,"Home Office",NULL
968,100967,Ginger,Croxford,Caukill,"Des Moines",Iowa,"United States",50320,Consumer,4
969,100968,Aurea,Cuttle,Lacase,Detroit,Michigan,"United States",48242,"Home Office",NULL
970,100969,Annabal,Cogswell,Scopham,"Fort Pierce",Florida,"United States",34949,"Home Office",NULL
971,100970,Rochelle,Casetti,Yo,Anchorage,Alaska,"United States",99512,Consumer,NULL
972,100971,Fiann,Cockshot,Load,Houston,Texas,"United States",77255,Corporate,NULL
973,100972,Arlene,Benne,Szubert,Bakersfield,California,"United States",93305,"Home Office",1
974,100973,Jacky,Pacitti,Shotboult,Houston,Texas,"United States",77045,Consumer,2
975,100974,Hilary,Jenny,Hintze,Odessa,Texas,"United States",79769,"Home Office",NULL
976,100975,Brietta,Cofax,Alberti,"Santa Fe","New Mexico","United States",87592,"Home Office",NULL
977,100976,Jerrie,Kierans,Featherstone,Houston,Texas,"United States",77212,Consumer,NULL
978,100977,Marice,Leftley,Ranklin,"Corpus Christi",Texas,"United States",78465,Consumer,NULL
979,100978,Kale,Lamps,Elden,"Corpus Christi",Texas,"United States",78405,"Home Office",3
980,100979,Jerri,"Mc Cahey",Gerckens,Danbury,Connecticut,"United States",6816,Consumer,NULL
981,100980,Livy,Betke,Wille,"New York City","New York","United States",10155,Corporate,NULL
982,100981,Adelaida,Grimshaw,Vase,Warren,Ohio,"United States",44485,Corporate,NULL
983,100982,Mitzi,Feye,Priddis,Indianapolis,Indiana,"United States",46202,"Home Office",NULL
984,100983,Gerek,Vail,Peacop,Richmond,Virginia,"United States",23213,Corporate,NULL
985,100984,D'arcy,Killough,Meek,Miami,Florida,"United States",33124,"Home Office",NULL
986,100985,Jeffy,Dabel,Angood,"San Francisco",California,"United States",94126,"Home Office",NULL
987,100986,Nell,Cowen,Lynd,"Baton Rouge",Louisiana,"United States",70820,"Home Office",4
988,100987,Idelle,Domotor,Assad,Dallas,Texas,"United States",75221,Corporate,NULL
989,100988,Fae,Wahner,Crow,"Fort Worth",Texas,"United States",76105,Consumer,NULL
990,100989,Diarmid,Klimov,Luna,Woburn,Massachusetts,"United States",1813,Corporate,NULL
991,100990,Remington,Hagston,Thiolier,Pasadena,California,"United States",91131,Consumer,5
992,100991,Zacherie,Siddele,Gomery,"San Jose",California,"United States",95155,Consumer,5
993,100992,Joanne,Dumbarton,Bradley,Tuscaloosa,Alabama,"United States",35405,"Home Office",NULL
994,100993,Tedra,Hanscom,Emney,Anaheim,California,"United States",92805,"Home Office",NULL
995,100994,Port,Duiged,Hayer,"Los Angeles",California,"United States",90030,"Home Office",1
996,100995,Stephine,Hassell,Organ,"Lees Summit",Missouri,"United States",64082,"Home Office",NULL
997,100996,Edie,Oldmeadow,Ballefant,Atlanta,Georgia,"United States",30392,Consumer,NULL
998,100997,Nicky,Mallinar,Aisbett,Gainesville,Florida,"United States",32627,Corporate,NULL
999,100998,Broddy,Symonds,Burdass,Jamaica,"New York","United States",11480,Consumer,2
1000,100999,Pincas,Estcot,Witty,"Sioux City",Iowa,"United States",51105,Corporate,NULL
